character_id	simplified	traditional	pinyin	han_viet	meaning_vi	origin_meaning_vi	derived_meaning_vi	etymology_type	etymology_note_vi	stroke_count	stroke_hint_vi	radical_form	radical_note_vi	week	category	core_rank	is_core	oracle_image_url	bronze_image_url	seal_image_url	evolution_source_url	compounds	hidden_examples	is_active
mono-001	一	一	yī	nhất	"một / đơn / một cái (mạo từ) / ngay khi / toàn bộ; tất cả; xuyên suốt / bộ ""một"" trong chữ Hán (bộ Khang Hy số 1) / cũng đọc là [yao1] để rõ hơn khi đọc từng chữ số một"	một	"đơn / một cái (mạo từ) / ngay khi / toàn bộ; tất cả; xuyên suốt / bộ ""một"" trong chữ Hán (bộ Khang Hy số 1) / cũng đọc là [yao1] để rõ hơn khi đọc từng chữ số một"	Chỉ sự/độc thể	Đối chiếu hình chữ cổ để nhận ra nét nghĩa gốc; ghi chú nguồn: A single horizontal stroke, representing the number one.	0	Viết theo hoạt ảnh từng nét trong ứng dụng; tuân thủ trên trước dưới, trái trước phải.	一	Thường giữ nguyên hình khi làm thành phần; có thể co hẹp theo vị trí.	5	Số đếm, Phương hướng & Khái niệm	3	TRUE	https://char.iis.sinica.edu.tw/TTF/getTTF1.aspx?word=%E4%B8%80&f=%E7%94%B2%E9%AA%A8%E6%96%87&s=200&c=black	https://char.iis.sinica.edu.tw/TTF/getTTF1.aspx?word=%E4%B8%80&f=%E9%87%91%E6%96%87&s=200&c=black	https://char.iis.sinica.edu.tw/TTF/getTTF1.aspx?word=%E4%B8%80&f=%E5%B0%8F%E7%AF%86&s=200&c=black	https://chardb.iis.sinica.edu.tw/search.jsp?q=%E4%B8%80&stype=0	一起 | 一些 | 一定 | 一直	一起 | 一些 | 一定	TRUE
mono-002	乙	乙	yǐ	ất	"đứng thứ hai trong mười Thiên Can 十天干[shi2 tian1 gan1] / hạng hai / chữ ""B"" hoặc số ""II"" trong danh sách ""A, B, C"", hoặc ""I, II, III"" v.v. / bên thứ hai (trong hợp đồng pháp lý, thường là 乙方[yi3 fang1], đối lập với 甲方[jia3 fang1]) / ethyl / cong / quanh co / bộ trong chữ Hán (bộ Khang Hy số 5) / hướng la bàn cổ Trung Quốc: 105°"	đứng thứ hai trong mười Thiên Can 十天干[shi2 tian1 gan1]	"hạng hai / chữ ""B"" hoặc số ""II"" trong danh sách ""A, B, C"", hoặc ""I, II, III"" v.v. / bên thứ hai (trong hợp đồng pháp lý, thường là 乙方[yi3 fang1], đối lập với 甲方[jia3 fang1]) / ethyl / cong / quanh co / bộ trong chữ Hán (bộ Khang Hy số 5) / hướng la bàn cổ Trung Quốc: 105°"	Chỉ sự/độc thể	Đối chiếu hình chữ cổ để nhận ra nét nghĩa gốc; ghi chú nguồn: Origin unclear.	0	Viết theo hoạt ảnh từng nét trong ứng dụng; tuân thủ trên trước dưới, trái trước phải.	乙	Thường giữ nguyên hình khi làm thành phần; có thể co hẹp theo vị trí.	5	Số đếm, Phương hướng & Khái niệm	0	FALSE	https://char.iis.sinica.edu.tw/TTF/getTTF1.aspx?word=%E4%B9%99&f=%E7%94%B2%E9%AA%A8%E6%96%87&s=200&c=black	https://char.iis.sinica.edu.tw/TTF/getTTF1.aspx?word=%E4%B9%99&f=%E9%87%91%E6%96%87&s=200&c=black	https://char.iis.sinica.edu.tw/TTF/getTTF1.aspx?word=%E4%B9%99&f=%E5%B0%8F%E7%AF%86&s=200&c=black	https://chardb.iis.sinica.edu.tw/search.jsp?q=%E4%B9%99&stype=0	乙醇 | 乙肝 | 乙烯 | 聚乙烯	乙醇 | 乙肝 | 乙烯	TRUE
mono-003	二	二	èr	nhì	hai / 2 / (tiếng Bắc Kinh) ngu ngốc	hai	2 / (tiếng Bắc Kinh) ngu ngốc	Chỉ sự/độc thể	Đối chiếu hình chữ cổ để nhận ra nét nghĩa gốc; ghi chú nguồn: Two horizontal strokes, representing the number two.	0	Viết theo hoạt ảnh từng nét trong ứng dụng; tuân thủ trên trước dưới, trái trước phải.	二	Thường giữ nguyên hình khi làm thành phần; có thể co hẹp theo vị trí.	5	Số đếm, Phương hướng & Khái niệm	64	TRUE	https://char.iis.sinica.edu.tw/TTF/getTTF1.aspx?word=%E4%BA%8C&f=%E7%94%B2%E9%AA%A8%E6%96%87&s=200&c=black	https://char.iis.sinica.edu.tw/TTF/getTTF1.aspx?word=%E4%BA%8C&f=%E9%87%91%E6%96%87&s=200&c=black	https://char.iis.sinica.edu.tw/TTF/getTTF1.aspx?word=%E4%BA%8C&f=%E5%B0%8F%E7%AF%86&s=200&c=black	https://chardb.iis.sinica.edu.tw/search.jsp?q=%E4%BA%8C&stype=0	第二 | 第二天 | 第二次 | 周二	第二 | 第二天 | 第二次	TRUE
mono-004	十	十	shí	thập	mười / 10	mười	10	Chỉ sự/độc thể	Đối chiếu hình chữ cổ để nhận ra nét nghĩa gốc; ghi chú nguồn: A single vertical line, representing one set of ten. Analagous to the archaic characters 廿 (twenty) and 卅 (thirty).	0	Viết theo hoạt ảnh từng nét trong ứng dụng; tuân thủ trên trước dưới, trái trước phải.	十	Thường giữ nguyên hình khi làm thành phần; có thể co hẹp theo vị trí.	5	Số đếm, Phương hướng & Khái niệm	76	TRUE	https://char.iis.sinica.edu.tw/TTF/getTTF1.aspx?word=%E5%8D%81&f=%E7%94%B2%E9%AA%A8%E6%96%87&s=200&c=black	https://char.iis.sinica.edu.tw/TTF/getTTF1.aspx?word=%E5%8D%81&f=%E9%87%91%E6%96%87&s=200&c=black	https://char.iis.sinica.edu.tw/TTF/getTTF1.aspx?word=%E5%8D%81&f=%E5%B0%8F%E7%AF%86&s=200&c=black	https://chardb.iis.sinica.edu.tw/search.jsp?q=%E5%8D%81&stype=0	十分 | 十几 | 十足 | 十月	十分 | 十几 | 十足	TRUE
mono-005	丁	丁	Dīng	đinh	họ [Ding1]	họ [Ding1]		Tượng hình	Đối chiếu hình chữ cổ để nhận ra nét nghĩa gốc; ghi chú nguồn: Pictograph of a nail, which is now written as 釘.	0	Viết theo hoạt ảnh từng nét trong ứng dụng; tuân thủ trên trước dưới, trái trước phải.	丁	Thường giữ nguyên hình khi làm thành phần; có thể co hẹp theo vị trí.	5	Số đếm, Phương hướng & Khái niệm	0	FALSE	https://char.iis.sinica.edu.tw/TTF/getTTF1.aspx?word=%E4%B8%81&f=%E7%94%B2%E9%AA%A8%E6%96%87&s=200&c=black	https://char.iis.sinica.edu.tw/TTF/getTTF1.aspx?word=%E4%B8%81&f=%E9%87%91%E6%96%87&s=200&c=black	https://char.iis.sinica.edu.tw/TTF/getTTF1.aspx?word=%E4%B8%81&f=%E5%B0%8F%E7%AF%86&s=200&c=black	https://chardb.iis.sinica.edu.tw/search.jsp?q=%E4%B8%81&stype=0	马丁 | 拉丁 | 布丁 | 拉丁美洲	马丁 | 拉丁 | 布丁	TRUE
mono-006	厂	厂	hǎn	hán	"bộ ""hán"" trong chữ Hán (bộ Khang Hy số 27), xuất hiện trong 原, 历, 压 v.v."	"bộ ""hán"" trong chữ Hán (bộ Khang Hy số 27), xuất hiện trong 原, 历, 压 v.v."		Tượng hình	"Đối chiếu hình chữ cổ để nhận ra nét nghĩa gốc; ghi chú nguồn: Pictograph of a cliff or similarly shaped object. In simplified Chinese 厂 is also used to mean ""factory"", while in traditional Chinese this meaning is written with a separate character 廠. In simplified characters the 广 component is often written as 厂."	0	Viết theo hoạt ảnh từng nét trong ứng dụng; tuân thủ trên trước dưới, trái trước phải.	厂	Thường giữ nguyên hình khi làm thành phần; có thể co hẹp theo vị trí.	5	Số đếm, Phương hướng & Khái niệm	0	FALSE	https://char.iis.sinica.edu.tw/TTF/getTTF1.aspx?word=%E5%8E%82&f=%E7%94%B2%E9%AA%A8%E6%96%87&s=200&c=black	https://char.iis.sinica.edu.tw/TTF/getTTF1.aspx?word=%E5%8E%82&f=%E9%87%91%E6%96%87&s=200&c=black	https://char.iis.sinica.edu.tw/TTF/getTTF1.aspx?word=%E5%8E%82&f=%E5%B0%8F%E7%AF%86&s=200&c=black	https://chardb.iis.sinica.edu.tw/search.jsp?q=%E5%8E%82&stype=0	工厂 | 厂商 | 厂家 | 厂房	工厂 | 厂商 | 厂家	TRUE
mono-007	七	七	qī	thất	bảy / 7	bảy	7	Chỉ sự/độc thể	"Đối chiếu hình chữ cổ để nhận ra nét nghĩa gốc; ghi chú nguồn: Originally resembled a cross, depicting the meaning ""to cut"", since 七 sounds like 切 (qiē; to cut)."	0	Viết theo hoạt ảnh từng nét trong ứng dụng; tuân thủ trên trước dưới, trái trước phải.	七	Thường giữ nguyên hình khi làm thành phần; có thể co hẹp theo vị trí.	5	Số đếm, Phương hướng & Khái niệm	97	TRUE	https://char.iis.sinica.edu.tw/TTF/getTTF1.aspx?word=%E4%B8%83&f=%E7%94%B2%E9%AA%A8%E6%96%87&s=200&c=black	https://char.iis.sinica.edu.tw/TTF/getTTF1.aspx?word=%E4%B8%83&f=%E9%87%91%E6%96%87&s=200&c=black	https://char.iis.sinica.edu.tw/TTF/getTTF1.aspx?word=%E4%B8%83&f=%E5%B0%8F%E7%AF%86&s=200&c=black	https://chardb.iis.sinica.edu.tw/search.jsp?q=%E4%B8%83&stype=0	七月 | 乱七八糟 | 七星 | 七夕	七月 | 乱七八糟 | 七星	TRUE
mono-008	卜	卜	Bǔ	bốc	họ [Bu3]	họ [Bu3]		Tượng hình	Đối chiếu hình chữ cổ để nhận ra nét nghĩa gốc; ghi chú nguồn: Pictograph of a crack on a bone. In ancient China such cracks were used for divination.	0	Viết theo hoạt ảnh từng nét trong ứng dụng; tuân thủ trên trước dưới, trái trước phải.	卜	Thường giữ nguyên hình khi làm thành phần; có thể co hẹp theo vị trí.	5	Số đếm, Phương hướng & Khái niệm	0	FALSE	https://char.iis.sinica.edu.tw/TTF/getTTF1.aspx?word=%E5%8D%9C&f=%E7%94%B2%E9%AA%A8%E6%96%87&s=200&c=black	https://char.iis.sinica.edu.tw/TTF/getTTF1.aspx?word=%E5%8D%9C&f=%E9%87%91%E6%96%87&s=200&c=black	https://char.iis.sinica.edu.tw/TTF/getTTF1.aspx?word=%E5%8D%9C&f=%E5%B0%8F%E7%AF%86&s=200&c=black	https://chardb.iis.sinica.edu.tw/search.jsp?q=%E5%8D%9C&stype=0	胡萝卜 | 萝卜 | 占卜 | 胡萝卜素	胡萝卜 | 萝卜 | 占卜	TRUE
mono-009	八	八	bā	bát	tám; 8	tám; 8		Tượng hình	"Đối chiếu hình chữ cổ để nhận ra nét nghĩa gốc; ghi chú nguồn: Pictograph of two lines facing away from each other. The current meaning ""eight"" is a phonetic loan. The original meaning ""separate"" is now written as 别."	0	Viết theo hoạt ảnh từng nét trong ứng dụng; tuân thủ trên trước dưới, trái trước phải.	八	Thường giữ nguyên hình khi làm thành phần; có thể co hẹp theo vị trí.	5	Số đếm, Phương hướng & Khái niệm	93	TRUE	https://char.iis.sinica.edu.tw/TTF/getTTF1.aspx?word=%E5%85%AB&f=%E7%94%B2%E9%AA%A8%E6%96%87&s=200&c=black	https://char.iis.sinica.edu.tw/TTF/getTTF1.aspx?word=%E5%85%AB&f=%E9%87%91%E6%96%87&s=200&c=black	https://char.iis.sinica.edu.tw/TTF/getTTF1.aspx?word=%E5%85%AB&f=%E5%B0%8F%E7%AF%86&s=200&c=black	https://chardb.iis.sinica.edu.tw/search.jsp?q=%E5%85%AB&stype=0	八卦 | 八月 | 乱七八糟 | 王八	八卦 | 八月 | 乱七八糟	TRUE
mono-010	人	人	rén	nhân	người; mọi người / LT:個|个[ge4],位[wei4]	người; mọi người	LT:個|个[ge4],位[wei4]	Tượng hình	Đối chiếu hình chữ cổ để nhận ra nét nghĩa gốc; ghi chú nguồn: Pictograph of the side view of a person.	0	Viết theo hoạt ảnh từng nét trong ứng dụng; tuân thủ trên trước dưới, trái trước phải.	亻	Khi làm thành phần chữ ghép thường biến thành 亻.	2	Con người & Cơ thể	4	TRUE	https://char.iis.sinica.edu.tw/TTF/getTTF1.aspx?word=%E4%BA%BA&f=%E7%94%B2%E9%AA%A8%E6%96%87&s=200&c=black	https://char.iis.sinica.edu.tw/TTF/getTTF1.aspx?word=%E4%BA%BA&f=%E9%87%91%E6%96%87&s=200&c=black	https://char.iis.sinica.edu.tw/TTF/getTTF1.aspx?word=%E4%BA%BA&f=%E5%B0%8F%E7%AF%86&s=200&c=black	https://chardb.iis.sinica.edu.tw/search.jsp?q=%E4%BA%BA&stype=0	女人 | 别人 | 男人 | 有人	女人 | 别人 | 男人	TRUE
mono-011	入	入	rù	nhập	đi vào / tham gia / trở thành thành viên / xác nhận hoặc đồng ý với / viết tắt của 入聲|入声[ru4 sheng1]	đi vào	tham gia / trở thành thành viên / xác nhận hoặc đồng ý với / viết tắt của 入聲|入声[ru4 sheng1]	Tượng hình	Đối chiếu hình chữ cổ để nhận ra nét nghĩa gốc; ghi chú nguồn: Origin unclear. Variously explained a a pictograph of an entrance to a tent, or an arrow pointing forward.	0	Viết theo hoạt ảnh từng nét trong ứng dụng; tuân thủ trên trước dưới, trái trước phải.	入	Thường giữ nguyên hình khi làm thành phần; có thể co hẹp theo vị trí.	5	Số đếm, Phương hướng & Khái niệm	84	TRUE	https://char.iis.sinica.edu.tw/TTF/getTTF1.aspx?word=%E5%85%A5&f=%E7%94%B2%E9%AA%A8%E6%96%87&s=200&c=black	https://char.iis.sinica.edu.tw/TTF/getTTF1.aspx?word=%E5%85%A5&f=%E9%87%91%E6%96%87&s=200&c=black	https://char.iis.sinica.edu.tw/TTF/getTTF1.aspx?word=%E5%85%A5&f=%E5%B0%8F%E7%AF%86&s=200&c=black	https://chardb.iis.sinica.edu.tw/search.jsp?q=%E5%85%A5&stype=0	进入 | 加入 | 收入 | 投入	进入 | 加入 | 收入	TRUE
mono-012	儿	儿	rén	nhân	"biến thể của 人[ren2] / bộ ""nhân"" trong chữ Hán (bộ Khang Hy số 10), xuất hiện trong 兒, 兀, 兄, v.v."	biến thể của 人[ren2]	"bộ ""nhân"" trong chữ Hán (bộ Khang Hy số 10), xuất hiện trong 兒, 兀, 兄, v.v."	Tượng hình	Đối chiếu hình chữ cổ để nhận ra nét nghĩa gốc; ghi chú nguồn: Simplified form of 兒. Pictograph of a child with an opening in the top of its head. Represents the soft spot (fontanel) at the top of young infant heads.	0	Viết theo hoạt ảnh từng nét trong ứng dụng; tuân thủ trên trước dưới, trái trước phải.	儿	Thường giữ nguyên hình khi làm thành phần; có thể co hẹp theo vị trí.	2	Con người & Cơ thể	53	TRUE	https://char.iis.sinica.edu.tw/TTF/getTTF1.aspx?word=%E5%84%BF&f=%E7%94%B2%E9%AA%A8%E6%96%87&s=200&c=black	https://char.iis.sinica.edu.tw/TTF/getTTF1.aspx?word=%E5%84%BF&f=%E9%87%91%E6%96%87&s=200&c=black	https://char.iis.sinica.edu.tw/TTF/getTTF1.aspx?word=%E5%84%BF&f=%E5%B0%8F%E7%AF%86&s=200&c=black	https://chardb.iis.sinica.edu.tw/search.jsp?q=%E5%84%BF&stype=0	这儿 | 儿子 | 女儿 | 哪儿	这儿 | 儿子 | 女儿	TRUE
mono-013	匕	匕	bǐ	chuỷ	dao găm / cái muôi / loại thìa cổ	dao găm	cái muôi / loại thìa cổ	Tượng hình	Đối chiếu hình chữ cổ để nhận ra nét nghĩa gốc; ghi chú nguồn: Pictograph of a ladle.	0	Viết theo hoạt ảnh từng nét trong ứng dụng; tuân thủ trên trước dưới, trái trước phải.	匕	Thường giữ nguyên hình khi làm thành phần; có thể co hẹp theo vị trí.	5	Số đếm, Phương hướng & Khái niệm	0	FALSE	https://char.iis.sinica.edu.tw/TTF/getTTF1.aspx?word=%E5%8C%95&f=%E7%94%B2%E9%AA%A8%E6%96%87&s=200&c=black	https://char.iis.sinica.edu.tw/TTF/getTTF1.aspx?word=%E5%8C%95&f=%E9%87%91%E6%96%87&s=200&c=black	https://char.iis.sinica.edu.tw/TTF/getTTF1.aspx?word=%E5%8C%95&f=%E5%B0%8F%E7%AF%86&s=200&c=black	https://chardb.iis.sinica.edu.tw/search.jsp?q=%E5%8C%95&stype=0	匕首	匕首	TRUE
mono-014	几	几	jī	kỉ	bàn nhỏ	bàn nhỏ		Tượng hình	"Đối chiếu hình chữ cổ để nhận ra nét nghĩa gốc; ghi chú nguồn: Pictograph of a small table. In simplified Chinese 几 is also used to mean ""how much"", while in traditional Chinese this meaning is written with a separate character 幾."	0	Viết theo hoạt ảnh từng nét trong ứng dụng; tuân thủ trên trước dưới, trái trước phải.	几	Thường giữ nguyên hình khi làm thành phần; có thể co hẹp theo vị trí.	5	Số đếm, Phương hướng & Khái niệm	32	TRUE	https://char.iis.sinica.edu.tw/TTF/getTTF1.aspx?word=%E5%87%A0&f=%E7%94%B2%E9%AA%A8%E6%96%87&s=200&c=black	https://char.iis.sinica.edu.tw/TTF/getTTF1.aspx?word=%E5%87%A0&f=%E9%87%91%E6%96%87&s=200&c=black	https://char.iis.sinica.edu.tw/TTF/getTTF1.aspx?word=%E5%87%A0&f=%E5%B0%8F%E7%AF%86&s=200&c=black	https://chardb.iis.sinica.edu.tw/search.jsp?q=%E5%87%A0&stype=0	几乎 | 几个 | 好几 | 十几	几乎 | 几个 | 好几	TRUE
mono-015	九	九	jiǔ	cửu	chín / 9	chín	9	Chỉ sự/độc thể	Đối chiếu hình chữ cổ để nhận ra nét nghĩa gốc; ghi chú nguồn: Origin unclear. There are varied explanations of what 九 is meant to represent, including a hook, an elbow, and a hand reaching out to grab something.	0	Viết theo hoạt ảnh từng nét trong ứng dụng; tuân thủ trên trước dưới, trái trước phải.	九	Thường giữ nguyên hình khi làm thành phần; có thể co hẹp theo vị trí.	5	Số đếm, Phương hướng & Khái niệm	108	TRUE	https://char.iis.sinica.edu.tw/TTF/getTTF1.aspx?word=%E4%B9%9D&f=%E7%94%B2%E9%AA%A8%E6%96%87&s=200&c=black	https://char.iis.sinica.edu.tw/TTF/getTTF1.aspx?word=%E4%B9%9D&f=%E9%87%91%E6%96%87&s=200&c=black	https://char.iis.sinica.edu.tw/TTF/getTTF1.aspx?word=%E4%B9%9D&f=%E5%B0%8F%E7%AF%86&s=200&c=black	https://chardb.iis.sinica.edu.tw/search.jsp?q=%E4%B9%9D&stype=0	九月 | 马英九 | 九江 | 九龙	九月 | 马英九 | 九江	TRUE
mono-016	乂	乂	yì	nghệ	điều chỉnh / quản lý / kiểm soát / cắt cỏ	điều chỉnh	quản lý / kiểm soát / cắt cỏ	Tượng hình	Đối chiếu hình chữ cổ để nhận ra nét nghĩa gốc; ghi chú nguồn: Pictograph of a scissors-like tool for cutting grass.	0	Viết theo hoạt ảnh từng nét trong ứng dụng; tuân thủ trên trước dưới, trái trước phải.	乂	Thường giữ nguyên hình khi làm thành phần; có thể co hẹp theo vị trí.	5	Số đếm, Phương hướng & Khái niệm	0	FALSE	https://char.iis.sinica.edu.tw/TTF/getTTF1.aspx?word=%E4%B9%82&f=%E7%94%B2%E9%AA%A8%E6%96%87&s=200&c=black	https://char.iis.sinica.edu.tw/TTF/getTTF1.aspx?word=%E4%B9%82&f=%E9%87%91%E6%96%87&s=200&c=black	https://char.iis.sinica.edu.tw/TTF/getTTF1.aspx?word=%E4%B9%82&f=%E5%B0%8F%E7%AF%86&s=200&c=black	https://chardb.iis.sinica.edu.tw/search.jsp?q=%E4%B9%82&stype=0			TRUE
mono-017	刁	刁	Diāo	điêu	họ [Diao1]	họ [Diao1]		Chỉ sự/độc thể	Dạng chữ độc thể; đối chiếu Giáp Cốt văn, Kim văn và Tiểu Triện ở chuỗi hình bên cạnh.	0	Viết theo hoạt ảnh từng nét trong ứng dụng; tuân thủ trên trước dưới, trái trước phải.	刁	Thường giữ nguyên hình khi làm thành phần; có thể co hẹp theo vị trí.	5	Số đếm, Phương hướng & Khái niệm	0	FALSE	https://char.iis.sinica.edu.tw/TTF/getTTF1.aspx?word=%E5%88%81&f=%E7%94%B2%E9%AA%A8%E6%96%87&s=200&c=black	https://char.iis.sinica.edu.tw/TTF/getTTF1.aspx?word=%E5%88%81&f=%E9%87%91%E6%96%87&s=200&c=black	https://char.iis.sinica.edu.tw/TTF/getTTF1.aspx?word=%E5%88%81&f=%E5%B0%8F%E7%AF%86&s=200&c=black	https://chardb.iis.sinica.edu.tw/search.jsp?q=%E5%88%81&stype=0	刁难 | 刁钻 | 刁蛮 | 刁滑	刁难 | 刁钻 | 刁蛮	TRUE
mono-018	了	了	le	liễu	(trợ từ chỉ hành động đã hoàn thành) / (trợ từ ngữ khí chỉ sự thay đổi trạng thái, tình huống hiện tại) / (trợ từ ngữ khí nhấn mạnh mệnh đề đứng trước)	(trợ từ chỉ hành động đã hoàn thành)	(trợ từ ngữ khí chỉ sự thay đổi trạng thái, tình huống hiện tại) / (trợ từ ngữ khí nhấn mạnh mệnh đề đứng trước)	Tượng hình	Đối chiếu hình chữ cổ để nhận ra nét nghĩa gốc; ghi chú nguồn: Pictograph of a young child, similar to 子 but without arms. Relation to meaning uncertain. Sometimes explained as a derivation from 子 by cutting off the arms, depicting something being cut short or finished.	0	Viết theo hoạt ảnh từng nét trong ứng dụng; tuân thủ trên trước dưới, trái trước phải.	了	Thường giữ nguyên hình khi làm thành phần; có thể co hẹp theo vị trí.	5	Số đếm, Phương hướng & Khái niệm	1	TRUE	https://char.iis.sinica.edu.tw/TTF/getTTF1.aspx?word=%E4%BA%86&f=%E7%94%B2%E9%AA%A8%E6%96%87&s=200&c=black	https://char.iis.sinica.edu.tw/TTF/getTTF1.aspx?word=%E4%BA%86&f=%E9%87%91%E6%96%87&s=200&c=black	https://char.iis.sinica.edu.tw/TTF/getTTF1.aspx?word=%E4%BA%86&f=%E5%B0%8F%E7%AF%86&s=200&c=black	https://chardb.iis.sinica.edu.tw/search.jsp?q=%E4%BA%86&stype=0	为了 | 了解 | 到了 | 除了	为了 | 了解 | 到了	TRUE
mono-019	刀	刀	Dāo	đao	họ [Dao1]	họ [Dao1]		Tượng hình	Đối chiếu hình chữ cổ để nhận ra nét nghĩa gốc; ghi chú nguồn: Pictograph of a knife.	0	Viết theo hoạt ảnh từng nét trong ứng dụng; tuân thủ trên trước dưới, trái trước phải.	刂	Khi làm thành phần chữ ghép thường biến thành 刂.	4	Đồ vật & Công cụ	80	TRUE	https://char.iis.sinica.edu.tw/TTF/getTTF1.aspx?word=%E5%88%80&f=%E7%94%B2%E9%AA%A8%E6%96%87&s=200&c=black	https://char.iis.sinica.edu.tw/TTF/getTTF1.aspx?word=%E5%88%80&f=%E9%87%91%E6%96%87&s=200&c=black	https://char.iis.sinica.edu.tw/TTF/getTTF1.aspx?word=%E5%88%80&f=%E5%B0%8F%E7%AF%86&s=200&c=black	https://chardb.iis.sinica.edu.tw/search.jsp?q=%E5%88%80&stype=0	剪刀 | 刀子 | 菜刀 | 小刀	剪刀 | 刀子 | 菜刀	TRUE
mono-020	力	力	Lì	lực	họ [Li4]	họ [Li4]		Tượng hình	Đối chiếu hình chữ cổ để nhận ra nét nghĩa gốc; ghi chú nguồn: Pictograph of a plow, representing strength	0	Viết theo hoạt ảnh từng nét trong ứng dụng; tuân thủ trên trước dưới, trái trước phải.	力	Thường giữ nguyên hình khi làm thành phần; có thể co hẹp theo vị trí.	5	Số đếm, Phương hướng & Khái niệm	88	TRUE	https://char.iis.sinica.edu.tw/TTF/getTTF1.aspx?word=%E5%8A%9B&f=%E7%94%B2%E9%AA%A8%E6%96%87&s=200&c=black	https://char.iis.sinica.edu.tw/TTF/getTTF1.aspx?word=%E5%8A%9B&f=%E9%87%91%E6%96%87&s=200&c=black	https://char.iis.sinica.edu.tw/TTF/getTTF1.aspx?word=%E5%8A%9B&f=%E5%B0%8F%E7%AF%86&s=200&c=black	https://chardb.iis.sinica.edu.tw/search.jsp?q=%E5%8A%9B&stype=0	努力 | 能力 | 力量 | 压力	努力 | 能力 | 力量	TRUE
mono-021	乃	乃	nǎi	nải	là / vì vậy / nên / do đó / lúc đó / chỉ / lập tức sau đó	là	vì vậy / nên / do đó / lúc đó / chỉ / lập tức sau đó	Chỉ sự/độc thể	Đối chiếu hình chữ cổ để nhận ra nét nghĩa gốc; ghi chú nguồn: Origin unclear.	0	Viết theo hoạt ảnh từng nét trong ứng dụng; tuân thủ trên trước dưới, trái trước phải.	乃	Thường giữ nguyên hình khi làm thành phần; có thể co hẹp theo vị trí.	5	Số đếm, Phương hướng & Khái niệm	0	FALSE	https://char.iis.sinica.edu.tw/TTF/getTTF1.aspx?word=%E4%B9%83&f=%E7%94%B2%E9%AA%A8%E6%96%87&s=200&c=black	https://char.iis.sinica.edu.tw/TTF/getTTF1.aspx?word=%E4%B9%83&f=%E9%87%91%E6%96%87&s=200&c=black	https://char.iis.sinica.edu.tw/TTF/getTTF1.aspx?word=%E4%B9%83&f=%E5%B0%8F%E7%AF%86&s=200&c=black	https://chardb.iis.sinica.edu.tw/search.jsp?q=%E4%B9%83&stype=0	木乃伊 | 乃至 | 乃是 | 康乃馨	木乃伊 | 乃至 | 乃是	TRUE
mono-022	又	又	yòu	lại	(một lần) nữa / cũng / vừa... vừa... / thế nhưng / (dùng để nhấn mạnh) dù sao đi nữa	(một lần) nữa	cũng / vừa... vừa... / thế nhưng / (dùng để nhấn mạnh) dù sao đi nữa	Tượng hình	"Đối chiếu hình chữ cổ để nhận ra nét nghĩa gốc; ghi chú nguồn: Pictograph of a hand. The character is based on the original meaning ""right hand"", which is unrelated to the modern meaning."	0	Viết theo hoạt ảnh từng nét trong ứng dụng; tuân thủ trên trước dưới, trái trước phải.	又	Thường giữ nguyên hình khi làm thành phần; có thể co hẹp theo vị trí.	5	Số đếm, Phương hướng & Khái niệm	24	TRUE	https://char.iis.sinica.edu.tw/TTF/getTTF1.aspx?word=%E5%8F%88&f=%E7%94%B2%E9%AA%A8%E6%96%87&s=200&c=black	https://char.iis.sinica.edu.tw/TTF/getTTF1.aspx?word=%E5%8F%88&f=%E9%87%91%E6%96%87&s=200&c=black	https://char.iis.sinica.edu.tw/TTF/getTTF1.aspx?word=%E5%8F%88&f=%E5%B0%8F%E7%AF%86&s=200&c=black	https://chardb.iis.sinica.edu.tw/search.jsp?q=%E5%8F%88&stype=0	欲言又止 | 赔了夫人又折兵 | 玄之又玄 | 又及	欲言又止 | 赔了夫人又折兵 | 玄之又玄	TRUE
mono-023	乜	乜	miē	khiết	họ [Nie4]	họ [Nie4]		Chỉ sự/độc thể	Dạng chữ độc thể; đối chiếu Giáp Cốt văn, Kim văn và Tiểu Triện ở chuỗi hình bên cạnh.	0	Viết theo hoạt ảnh từng nét trong ứng dụng; tuân thủ trên trước dưới, trái trước phải.	乜	Thường giữ nguyên hình khi làm thành phần; có thể co hẹp theo vị trí.	5	Số đếm, Phương hướng & Khái niệm	0	FALSE	https://char.iis.sinica.edu.tw/TTF/getTTF1.aspx?word=%E4%B9%9C&f=%E7%94%B2%E9%AA%A8%E6%96%87&s=200&c=black	https://char.iis.sinica.edu.tw/TTF/getTTF1.aspx?word=%E4%B9%9C&f=%E9%87%91%E6%96%87&s=200&c=black	https://char.iis.sinica.edu.tw/TTF/getTTF1.aspx?word=%E4%B9%9C&f=%E5%B0%8F%E7%AF%86&s=200&c=black	https://chardb.iis.sinica.edu.tw/search.jsp?q=%E4%B9%9C&stype=0	乜斜	乜斜	TRUE
mono-024	三	三	Sān	tam	họ [San1]	họ [San1]		Chỉ sự/độc thể	Đối chiếu hình chữ cổ để nhận ra nét nghĩa gốc; ghi chú nguồn: Three horizontal strokes, representing the number three.	0	Viết theo hoạt ảnh từng nét trong ứng dụng; tuân thủ trên trước dưới, trái trước phải.	三	Thường giữ nguyên hình khi làm thành phần; có thể co hẹp theo vị trí.	5	Số đếm, Phương hướng & Khái niệm	34	TRUE	https://char.iis.sinica.edu.tw/TTF/getTTF1.aspx?word=%E4%B8%89&f=%E7%94%B2%E9%AA%A8%E6%96%87&s=200&c=black	https://char.iis.sinica.edu.tw/TTF/getTTF1.aspx?word=%E4%B8%89&f=%E9%87%91%E6%96%87&s=200&c=black	https://char.iis.sinica.edu.tw/TTF/getTTF1.aspx?word=%E4%B8%89&f=%E5%B0%8F%E7%AF%86&s=200&c=black	https://chardb.iis.sinica.edu.tw/search.jsp?q=%E4%B8%89&stype=0	三国 | 三星 | 周三 | 三角	三国 | 三星 | 周三	TRUE
mono-025	干	乹	gān	can	biến thể cũ của 乾|干[gan1]	biến thể cũ của 乾|干[gan1]		Tượng hình	"Đối chiếu hình chữ cổ để nhận ra nét nghĩa gốc; ghi chú nguồn: Pictograph of a shield. In simplified Chinese 干 is also used to mean ""dry"", while in traditional Chinese this meaning is written with a separate character 乾. In simplified Chinese 干 is also used to mean ""tree trunk; do"", while in traditional Chinese this meaning is written with a separate character 幹."	0	Viết theo hoạt ảnh từng nét trong ứng dụng; tuân thủ trên trước dưới, trái trước phải.	干	Thường giữ nguyên hình khi làm thành phần; có thể co hẹp theo vị trí.	5	Số đếm, Phương hướng & Khái niệm	19	TRUE	https://char.iis.sinica.edu.tw/TTF/getTTF1.aspx?word=%E5%B9%B2&f=%E7%94%B2%E9%AA%A8%E6%96%87&s=200&c=black	https://char.iis.sinica.edu.tw/TTF/getTTF1.aspx?word=%E5%B9%B2&f=%E9%87%91%E6%96%87&s=200&c=black	https://char.iis.sinica.edu.tw/TTF/getTTF1.aspx?word=%E5%B9%B2&f=%E5%B0%8F%E7%AF%86&s=200&c=black	https://chardb.iis.sinica.edu.tw/search.jsp?q=%E5%B9%B2&stype=0	干部 | 干什么 | 干净 | 干吗	干部 | 干什么 | 干净	TRUE
mono-026	于	于	Yú	vu	họ [Yu2]	họ [Yu2]		Tượng hình	Đối chiếu hình chữ cổ để nhận ra nét nghĩa gốc; ghi chú nguồn: Pictograph of a musical wind instrument. The current meaning is a phonetic loan. In traditional characters 於 is typically used instead of 于.	0	Viết theo hoạt ảnh từng nét trong ứng dụng; tuân thủ trên trước dưới, trái trước phải.	于	Thường giữ nguyên hình khi làm thành phần; có thể co hẹp theo vị trí.	5	Số đếm, Phương hướng & Khái niệm	45	TRUE	https://char.iis.sinica.edu.tw/TTF/getTTF1.aspx?word=%E4%BA%8E&f=%E7%94%B2%E9%AA%A8%E6%96%87&s=200&c=black	https://char.iis.sinica.edu.tw/TTF/getTTF1.aspx?word=%E4%BA%8E&f=%E9%87%91%E6%96%87&s=200&c=black	https://char.iis.sinica.edu.tw/TTF/getTTF1.aspx?word=%E4%BA%8E&f=%E5%B0%8F%E7%AF%86&s=200&c=black	https://chardb.iis.sinica.edu.tw/search.jsp?q=%E4%BA%8E&stype=0	关于 | 对于 | 由于 | 终于	关于 | 对于 | 由于	TRUE
mono-027	工	工	gōng	công	công việc / công nhân / kỹ năng / nghề nghiệp / thương mại / thủ công / lao động	công việc	công nhân / kỹ năng / nghề nghiệp / thương mại / thủ công / lao động	Tượng hình	Đối chiếu hình chữ cổ để nhận ra nét nghĩa gốc; ghi chú nguồn: Pictograph of a carpenter's tool.	0	Viết theo hoạt ảnh từng nét trong ứng dụng; tuân thủ trên trước dưới, trái trước phải.	工	Thường giữ nguyên hình khi làm thành phần; có thể co hẹp theo vị trí.	5	Số đếm, Phương hướng & Khái niệm	116	TRUE	https://char.iis.sinica.edu.tw/TTF/getTTF1.aspx?word=%E5%B7%A5&f=%E7%94%B2%E9%AA%A8%E6%96%87&s=200&c=black	https://char.iis.sinica.edu.tw/TTF/getTTF1.aspx?word=%E5%B7%A5&f=%E9%87%91%E6%96%87&s=200&c=black	https://char.iis.sinica.edu.tw/TTF/getTTF1.aspx?word=%E5%B7%A5&f=%E5%B0%8F%E7%AF%86&s=200&c=black	https://chardb.iis.sinica.edu.tw/search.jsp?q=%E5%B7%A5&stype=0	工作 | 工程 | 工业 | 员工	工作 | 工程 | 工业	TRUE
mono-028	土	土	Tǔ	thổ	nhóm dân tộc Thổ / họ [Tu3]	nhóm dân tộc Thổ	họ [Tu3]	Tượng hình	Đối chiếu hình chữ cổ để nhận ra nét nghĩa gốc; ghi chú nguồn: Pictograph of a lump of clay on a pottery wheel.	0	Viết theo hoạt ảnh từng nét trong ứng dụng; tuân thủ trên trước dưới, trái trước phải.	土	Thường giữ nguyên hình khi làm thành phần; có thể co hẹp theo vị trí.	1	Tự nhiên & Vũ trụ	131	TRUE	https://char.iis.sinica.edu.tw/TTF/getTTF1.aspx?word=%E5%9C%9F&f=%E7%94%B2%E9%AA%A8%E6%96%87&s=200&c=black	https://char.iis.sinica.edu.tw/TTF/getTTF1.aspx?word=%E5%9C%9F&f=%E9%87%91%E6%96%87&s=200&c=black	https://char.iis.sinica.edu.tw/TTF/getTTF1.aspx?word=%E5%9C%9F&f=%E5%B0%8F%E7%AF%86&s=200&c=black	https://chardb.iis.sinica.edu.tw/search.jsp?q=%E5%9C%9F&stype=0	土地 | 土豆 | 国土 | 土耳其	土地 | 土豆 | 国土	TRUE
mono-029	士	士	Shì	sĩ	họ [Shi4]	họ [Shi4]		Tượng hình	Đối chiếu hình chữ cổ để nhận ra nét nghĩa gốc; ghi chú nguồn: Pictograph of the head of an axe. Likely used to represent a military officer.	0	Viết theo hoạt ảnh từng nét trong ứng dụng; tuân thủ trên trước dưới, trái trước phải.	士	Thường giữ nguyên hình khi làm thành phần; có thể co hẹp theo vị trí.	2	Con người & Cơ thể	130	TRUE	https://char.iis.sinica.edu.tw/TTF/getTTF1.aspx?word=%E5%A3%AB&f=%E7%94%B2%E9%AA%A8%E6%96%87&s=200&c=black	https://char.iis.sinica.edu.tw/TTF/getTTF1.aspx?word=%E5%A3%AB&f=%E9%87%91%E6%96%87&s=200&c=black	https://char.iis.sinica.edu.tw/TTF/getTTF1.aspx?word=%E5%A3%AB&f=%E5%B0%8F%E7%AF%86&s=200&c=black	https://chardb.iis.sinica.edu.tw/search.jsp?q=%E5%A3%AB&stype=0	女士 | 人士 | 博士 | 士兵	女士 | 人士 | 博士	TRUE
mono-030	才	才	cái	tài	khả năng; tài năng / người thuộc một kiểu nào đó / một cá nhân có năng lực / rồi thì và chỉ rồi thì / vừa mới / (trước một biểu hiện về số lượng) chỉ	khả năng; tài năng	người thuộc một kiểu nào đó / một cá nhân có năng lực / rồi thì và chỉ rồi thì / vừa mới / (trước một biểu hiện về số lượng) chỉ	Tượng hình	"Đối chiếu hình chữ cổ để nhận ra nét nghĩa gốc; ghi chú nguồn: Pictograph of a small plant starting to emerge from the ground. Based on the original meaning ""to sprout"". The meaning of this character has shifted over time and now means ""talent""."	0	Viết theo hoạt ảnh từng nét trong ứng dụng; tuân thủ trên trước dưới, trái trước phải.	才	Thường giữ nguyên hình khi làm thành phần; có thể co hẹp theo vị trí.	5	Số đếm, Phương hướng & Khái niệm	22	TRUE	https://char.iis.sinica.edu.tw/TTF/getTTF1.aspx?word=%E6%89%8D&f=%E7%94%B2%E9%AA%A8%E6%96%87&s=200&c=black	https://char.iis.sinica.edu.tw/TTF/getTTF1.aspx?word=%E6%89%8D&f=%E9%87%91%E6%96%87&s=200&c=black	https://char.iis.sinica.edu.tw/TTF/getTTF1.aspx?word=%E6%89%8D&f=%E5%B0%8F%E7%AF%86&s=200&c=black	https://chardb.iis.sinica.edu.tw/search.jsp?q=%E6%89%8D&stype=0	刚才 | 才能 | 人才 | 天才	刚才 | 才能 | 人才	TRUE
mono-031	下	下	xià	hạ	xuống / hướng xuống / dưới / thấp hơn / sau / tiếp theo (tuần,...) / thứ hai (trong hai phần) / giảm / đưa ra (quyết định, kết luận,...) / lượng từ chỉ tần suất của một hành động	xuống	hướng xuống / dưới / thấp hơn / sau / tiếp theo (tuần,...) / thứ hai (trong hai phần) / giảm / đưa ra (quyết định, kết luận,...) / lượng từ chỉ tần suất của một hành động	Chỉ sự/độc thể	"Đối chiếu hình chữ cổ để nhận ra nét nghĩa gốc; ghi chú nguồn: Originally a small line or dot below a longer line, indicating ""down"". The vertical line was added to distinguish the character from 二 (two)."	0	Viết theo hoạt ảnh từng nét trong ứng dụng; tuân thủ trên trước dưới, trái trước phải.	下	Thường giữ nguyên hình khi làm thành phần; có thể co hẹp theo vị trí.	5	Số đếm, Phương hướng & Khái niệm	14	TRUE	https://char.iis.sinica.edu.tw/TTF/getTTF1.aspx?word=%E4%B8%8B&f=%E7%94%B2%E9%AA%A8%E6%96%87&s=200&c=black	https://char.iis.sinica.edu.tw/TTF/getTTF1.aspx?word=%E4%B8%8B&f=%E9%87%91%E6%96%87&s=200&c=black	https://char.iis.sinica.edu.tw/TTF/getTTF1.aspx?word=%E4%B8%8B&f=%E5%B0%8F%E7%AF%86&s=200&c=black	https://chardb.iis.sinica.edu.tw/search.jsp?q=%E4%B8%8B&stype=0	一下 | 下来 | 下去 | 下午	一下 | 下来 | 下去	TRUE
mono-032	寸	寸	cùn	thốn	một đơn vị đo chiều dài / inch / ngón cái	một đơn vị đo chiều dài	inch / ngón cái	Tượng hình	Đối chiếu hình chữ cổ để nhận ra nét nghĩa gốc; ghi chú nguồn: Pictograph of a hand with a line marking a spot on the wrist. In traditional Chinese medicine this spot on the wrist where the pulse can be taken is called the 寸口.	0	Viết theo hoạt ảnh từng nét trong ứng dụng; tuân thủ trên trước dưới, trái trước phải.	寸	Thường giữ nguyên hình khi làm thành phần; có thể co hẹp theo vị trí.	5	Số đếm, Phương hướng & Khái niệm	0	FALSE	https://char.iis.sinica.edu.tw/TTF/getTTF1.aspx?word=%E5%AF%B8&f=%E7%94%B2%E9%AA%A8%E6%96%87&s=200&c=black	https://char.iis.sinica.edu.tw/TTF/getTTF1.aspx?word=%E5%AF%B8&f=%E9%87%91%E6%96%87&s=200&c=black	https://char.iis.sinica.edu.tw/TTF/getTTF1.aspx?word=%E5%AF%B8&f=%E5%B0%8F%E7%AF%86&s=200&c=black	https://chardb.iis.sinica.edu.tw/search.jsp?q=%E5%AF%B8&stype=0	英寸 | 尺寸 | 手无寸铁 | 头寸	英寸 | 尺寸 | 手无寸铁	TRUE
mono-033	大	大	dà	đại	to; lớn; vĩ đại / lớn tuổi hơn / người lớn nhất (như trong 大姐[da4 jie3]) / rất; thoải mái; hoàn toàn / (phương ngữ) cha / (phương ngữ) chú (anh em của cha)	to; lớn; vĩ đại	lớn tuổi hơn / người lớn nhất (như trong 大姐[da4 jie3]) / rất; thoải mái; hoàn toàn / (phương ngữ) cha / (phương ngữ) chú (anh em của cha)	Tượng hình	"Đối chiếu hình chữ cổ để nhận ra nét nghĩa gốc; ghi chú nguồn: Pictograph of a person with outstretched arms, representing the meaning ""big""."	0	Viết theo hoạt ảnh từng nét trong ứng dụng; tuân thủ trên trước dưới, trái trước phải.	大	Thường giữ nguyên hình khi làm thành phần; có thể co hẹp theo vị trí.	5	Số đếm, Phương hướng & Khái niệm	17	TRUE	https://char.iis.sinica.edu.tw/TTF/getTTF1.aspx?word=%E5%A4%A7&f=%E7%94%B2%E9%AA%A8%E6%96%87&s=200&c=black	https://char.iis.sinica.edu.tw/TTF/getTTF1.aspx?word=%E5%A4%A7&f=%E9%87%91%E6%96%87&s=200&c=black	https://char.iis.sinica.edu.tw/TTF/getTTF1.aspx?word=%E5%A4%A7&f=%E5%B0%8F%E7%AF%86&s=200&c=black	https://chardb.iis.sinica.edu.tw/search.jsp?q=%E5%A4%A7&stype=0	大家 | 大学 | 大概 | 伟大	大家 | 大学 | 大概	TRUE
mono-034	丈	丈	zhàng	trượng	đơn vị đo chiều dài, bằng mười thước Trung Quốc (3,3 m) / đo lường / chồng / cách xưng hô lịch sự cho nam lớn tuổi	đơn vị đo chiều dài, bằng mười thước Trung Quốc (3,3 m)	đo lường / chồng / cách xưng hô lịch sự cho nam lớn tuổi	Tượng hình	Đối chiếu hình chữ cổ để nhận ra nét nghĩa gốc; ghi chú nguồn: Depicts 10 (十) hand-lengths (又): 丈 is a traditional Chinese unit of length equivalent to about 3 meters.	0	Viết theo hoạt ảnh từng nét trong ứng dụng; tuân thủ trên trước dưới, trái trước phải.	丈	Thường giữ nguyên hình khi làm thành phần; có thể co hẹp theo vị trí.	5	Số đếm, Phương hướng & Khái niệm	0	FALSE	https://char.iis.sinica.edu.tw/TTF/getTTF1.aspx?word=%E4%B8%88&f=%E7%94%B2%E9%AA%A8%E6%96%87&s=200&c=black	https://char.iis.sinica.edu.tw/TTF/getTTF1.aspx?word=%E4%B8%88&f=%E9%87%91%E6%96%87&s=200&c=black	https://char.iis.sinica.edu.tw/TTF/getTTF1.aspx?word=%E4%B8%88&f=%E5%B0%8F%E7%AF%86&s=200&c=black	https://chardb.iis.sinica.edu.tw/search.jsp?q=%E4%B8%88&stype=0	丈夫 | 大丈夫 | 方丈 | 丈母娘	丈夫 | 大丈夫 | 方丈	TRUE
mono-035	与	與	yú	dữ	biến thể của 歟|欤[yu2]	biến thể của 歟|欤[yu2]		Chỉ sự/độc thể	Đối chiếu hình chữ cổ để nhận ra nét nghĩa gốc; ghi chú nguồn: Simplified form of 與. Phonosemantic compound. 舁 represents the meaning and 牙 represents the sound. The traditional component 舁 was removed for simplification.	0	Viết theo hoạt ảnh từng nét trong ứng dụng; tuân thủ trên trước dưới, trái trước phải.	与	Thường giữ nguyên hình khi làm thành phần; có thể co hẹp theo vị trí.	5	Số đếm, Phương hướng & Khái niệm	37	TRUE	https://char.iis.sinica.edu.tw/TTF/getTTF1.aspx?word=%E4%B8%8E&f=%E7%94%B2%E9%AA%A8%E6%96%87&s=200&c=black	https://char.iis.sinica.edu.tw/TTF/getTTF1.aspx?word=%E4%B8%8E&f=%E9%87%91%E6%96%87&s=200&c=black	https://char.iis.sinica.edu.tw/TTF/getTTF1.aspx?word=%E4%B8%8E&f=%E5%B0%8F%E7%AF%86&s=200&c=black	https://chardb.iis.sinica.edu.tw/search.jsp?q=%E4%B8%8E&stype=0	参与 | 与众不同 | 与此同时 | 与否	参与 | 与众不同 | 与此同时	TRUE
mono-036	万	万	Mò	vạn	dùng trong 万俟[Mo4 qi2]	dùng trong 万俟[Mo4 qi2]		Chỉ sự/độc thể	Đối chiếu hình chữ cổ để nhận ra nét nghĩa gốc; ghi chú nguồn: Origin unclear. Simplified form of 萬.	0	Viết theo hoạt ảnh từng nét trong ứng dụng; tuân thủ trên trước dưới, trái trước phải.	万	Thường giữ nguyên hình khi làm thành phần; có thể co hẹp theo vị trí.	5	Số đếm, Phương hướng & Khái niệm	55	TRUE	https://char.iis.sinica.edu.tw/TTF/getTTF1.aspx?word=%E4%B8%87&f=%E7%94%B2%E9%AA%A8%E6%96%87&s=200&c=black	https://char.iis.sinica.edu.tw/TTF/getTTF1.aspx?word=%E4%B8%87&f=%E9%87%91%E6%96%87&s=200&c=black	https://char.iis.sinica.edu.tw/TTF/getTTF1.aspx?word=%E4%B8%87&f=%E5%B0%8F%E7%AF%86&s=200&c=black	https://chardb.iis.sinica.edu.tw/search.jsp?q=%E4%B8%87&stype=0	万岁 | 千万 | 万分 | 万能	万岁 | 千万 | 万分	TRUE
mono-037	兀	兀	Wù	ngột	họ [Wu4]	họ [Wu4]		Tượng hình	Đối chiếu hình chữ cổ để nhận ra nét nghĩa gốc; ghi chú nguồn: Pictograph of a platform that makes things taller.	0	Viết theo hoạt ảnh từng nét trong ứng dụng; tuân thủ trên trước dưới, trái trước phải.	兀	Thường giữ nguyên hình khi làm thành phần; có thể co hẹp theo vị trí.	5	Số đếm, Phương hướng & Khái niệm	0	FALSE	https://char.iis.sinica.edu.tw/TTF/getTTF1.aspx?word=%E5%85%80&f=%E7%94%B2%E9%AA%A8%E6%96%87&s=200&c=black	https://char.iis.sinica.edu.tw/TTF/getTTF1.aspx?word=%E5%85%80&f=%E9%87%91%E6%96%87&s=200&c=black	https://char.iis.sinica.edu.tw/TTF/getTTF1.aspx?word=%E5%85%80&f=%E5%B0%8F%E7%AF%86&s=200&c=black	https://chardb.iis.sinica.edu.tw/search.jsp?q=%E5%85%80&stype=0	突兀 | 兀鹫 | 兀自 | 兀立	突兀 | 兀鹫 | 兀自	TRUE
mono-038	弋	弋	yì	dặc	bắn	bắn		Tượng hình	Đối chiếu hình chữ cổ để nhận ra nét nghĩa gốc; ghi chú nguồn: Pictograph of a post for tethering animals, now written as 杙. The current meaning is a phonetic loan.	0	Viết theo hoạt ảnh từng nét trong ứng dụng; tuân thủ trên trước dưới, trái trước phải.	弋	Thường giữ nguyên hình khi làm thành phần; có thể co hẹp theo vị trí.	4	Đồ vật & Công cụ	0	FALSE	https://char.iis.sinica.edu.tw/TTF/getTTF1.aspx?word=%E5%BC%8B&f=%E7%94%B2%E9%AA%A8%E6%96%87&s=200&c=black	https://char.iis.sinica.edu.tw/TTF/getTTF1.aspx?word=%E5%BC%8B&f=%E9%87%91%E6%96%87&s=200&c=black	https://char.iis.sinica.edu.tw/TTF/getTTF1.aspx?word=%E5%BC%8B&f=%E5%B0%8F%E7%AF%86&s=200&c=black	https://chardb.iis.sinica.edu.tw/search.jsp?q=%E5%BC%8B&stype=0	游弋 | 弋阳 | 弋阳县	游弋 | 弋阳 | 弋阳县	TRUE
mono-039	亍	亍	chù	sục	bước chân phải (dùng trong 彳亍[chi4 chu4])	bước chân phải (dùng trong 彳亍[chi4 chu4])		Chỉ sự/độc thể	Dạng chữ độc thể; đối chiếu Giáp Cốt văn, Kim văn và Tiểu Triện ở chuỗi hình bên cạnh.	0	Viết theo hoạt ảnh từng nét trong ứng dụng; tuân thủ trên trước dưới, trái trước phải.	亍	Thường giữ nguyên hình khi làm thành phần; có thể co hẹp theo vị trí.	5	Số đếm, Phương hướng & Khái niệm	0	FALSE	https://char.iis.sinica.edu.tw/TTF/getTTF1.aspx?word=%E4%BA%8D&f=%E7%94%B2%E9%AA%A8%E6%96%87&s=200&c=black	https://char.iis.sinica.edu.tw/TTF/getTTF1.aspx?word=%E4%BA%8D&f=%E9%87%91%E6%96%87&s=200&c=black	https://char.iis.sinica.edu.tw/TTF/getTTF1.aspx?word=%E4%BA%8D&f=%E5%B0%8F%E7%AF%86&s=200&c=black	https://chardb.iis.sinica.edu.tw/search.jsp?q=%E4%BA%8D&stype=0			TRUE
mono-040	上	上	shǎng	thượng	dùng trong 上聲|上声[shang3 sheng1]	dùng trong 上聲|上声[shang3 sheng1]		Chỉ sự/độc thể	"Đối chiếu hình chữ cổ để nhận ra nét nghĩa gốc; ghi chú nguồn: Originally a small line or dot above a longer line, indicating ""up"". The vertical line was added to distinguish the character from 二 (two)."	0	Viết theo hoạt ảnh từng nét trong ứng dụng; tuân thủ trên trước dưới, trái trước phải.	上	Thường giữ nguyên hình khi làm thành phần; có thể co hẹp theo vị trí.	5	Số đếm, Phương hướng & Khái niệm	8	TRUE	https://char.iis.sinica.edu.tw/TTF/getTTF1.aspx?word=%E4%B8%8A&f=%E7%94%B2%E9%AA%A8%E6%96%87&s=200&c=black	https://char.iis.sinica.edu.tw/TTF/getTTF1.aspx?word=%E4%B8%8A&f=%E9%87%91%E6%96%87&s=200&c=black	https://char.iis.sinica.edu.tw/TTF/getTTF1.aspx?word=%E4%B8%8A&f=%E5%B0%8F%E7%AF%86&s=200&c=black	https://chardb.iis.sinica.edu.tw/search.jsp?q=%E4%B8%8A&stype=0	晚上 | 上帝 | 马上 | 上海	晚上 | 上帝 | 马上	TRUE
mono-041	小	小	xiǎo	tiểu	nhỏ / bé / một vài / trẻ	nhỏ	bé / một vài / trẻ	Tượng hình	"Đối chiếu hình chữ cổ để nhận ra nét nghĩa gốc; ghi chú nguồn: Pictograph of three small dots, representing grains of sand or rice, to convey the meaning ""small""."	0	Viết theo hoạt ảnh từng nét trong ứng dụng; tuân thủ trên trước dưới, trái trước phải.	小	Thường giữ nguyên hình khi làm thành phần; có thể co hẹp theo vị trí.	5	Số đếm, Phương hướng & Khái niệm	25	TRUE	https://char.iis.sinica.edu.tw/TTF/getTTF1.aspx?word=%E5%B0%8F&f=%E7%94%B2%E9%AA%A8%E6%96%87&s=200&c=black	https://char.iis.sinica.edu.tw/TTF/getTTF1.aspx?word=%E5%B0%8F&f=%E9%87%91%E6%96%87&s=200&c=black	https://char.iis.sinica.edu.tw/TTF/getTTF1.aspx?word=%E5%B0%8F&f=%E5%B0%8F%E7%AF%86&s=200&c=black	https://chardb.iis.sinica.edu.tw/search.jsp?q=%E5%B0%8F&stype=0	小时 | 小姐 | 小心 | 小子	小时 | 小姐 | 小心	TRUE
mono-042	口	口	kǒu	khẩu	miệng / lượng từ cho những thứ có miệng (người, động vật nuôi, đại bác, giếng, v.v.) / lượng từ cho vết cắn hoặc ngụm	miệng	lượng từ cho những thứ có miệng (người, động vật nuôi, đại bác, giếng, v.v.) / lượng từ cho vết cắn hoặc ngụm	Tượng hình	Đối chiếu hình chữ cổ để nhận ra nét nghĩa gốc; ghi chú nguồn: Pictograph of a mouth.	0	Viết theo hoạt ảnh từng nét trong ứng dụng; tuân thủ trên trước dưới, trái trước phải.	口	Thường giữ nguyên hình khi làm thành phần; có thể co hẹp theo vị trí.	2	Con người & Cơ thể	69	TRUE	https://char.iis.sinica.edu.tw/TTF/getTTF1.aspx?word=%E5%8F%A3&f=%E7%94%B2%E9%AA%A8%E6%96%87&s=200&c=black	https://char.iis.sinica.edu.tw/TTF/getTTF1.aspx?word=%E5%8F%A3&f=%E9%87%91%E6%96%87&s=200&c=black	https://char.iis.sinica.edu.tw/TTF/getTTF1.aspx?word=%E5%8F%A3&f=%E5%B0%8F%E7%AF%86&s=200&c=black	https://chardb.iis.sinica.edu.tw/search.jsp?q=%E5%8F%A3&stype=0	出口 | 人口 | 伤口 | 开口	出口 | 人口 | 伤口	TRUE
mono-043	山	山	Shān	sơn	họ [Shan1]	họ [Shan1]		Tượng hình	Đối chiếu hình chữ cổ để nhận ra nét nghĩa gốc; ghi chú nguồn: Pictograph of a mountain.	0	Viết theo hoạt ảnh từng nét trong ứng dụng; tuân thủ trên trước dưới, trái trước phải.	山	Thường giữ nguyên hình khi làm thành phần; có thể co hẹp theo vị trí.	1	Tự nhiên & Vũ trụ	89	TRUE	https://char.iis.sinica.edu.tw/TTF/getTTF1.aspx?word=%E5%B1%B1&f=%E7%94%B2%E9%AA%A8%E6%96%87&s=200&c=black	https://char.iis.sinica.edu.tw/TTF/getTTF1.aspx?word=%E5%B1%B1&f=%E9%87%91%E6%96%87&s=200&c=black	https://char.iis.sinica.edu.tw/TTF/getTTF1.aspx?word=%E5%B1%B1&f=%E5%B0%8F%E7%AF%86&s=200&c=black	https://chardb.iis.sinica.edu.tw/search.jsp?q=%E5%B1%B1&stype=0	山东 | 旧金山 | 山上 | 山羊	山东 | 旧金山 | 山上	TRUE
mono-044	巾	巾	jīn	cân	khăn / vải đa dụng / khăn trùm đầu của phụ nữ (xưa) / bộ thủ Khang Hy số 50	khăn	vải đa dụng / khăn trùm đầu của phụ nữ (xưa) / bộ thủ Khang Hy số 50	Tượng hình	Đối chiếu hình chữ cổ để nhận ra nét nghĩa gốc; ghi chú nguồn: Pictograph of a cloth hanging downwards.	0	Viết theo hoạt ảnh từng nét trong ứng dụng; tuân thủ trên trước dưới, trái trước phải.	巾	Thường giữ nguyên hình khi làm thành phần; có thể co hẹp theo vị trí.	4	Đồ vật & Công cụ	0	FALSE	https://char.iis.sinica.edu.tw/TTF/getTTF1.aspx?word=%E5%B7%BE&f=%E7%94%B2%E9%AA%A8%E6%96%87&s=200&c=black	https://char.iis.sinica.edu.tw/TTF/getTTF1.aspx?word=%E5%B7%BE&f=%E9%87%91%E6%96%87&s=200&c=black	https://char.iis.sinica.edu.tw/TTF/getTTF1.aspx?word=%E5%B7%BE&f=%E5%B0%8F%E7%AF%86&s=200&c=black	https://chardb.iis.sinica.edu.tw/search.jsp?q=%E5%B7%BE&stype=0	毛巾 | 围巾 | 纸巾 | 头巾	毛巾 | 围巾 | 纸巾	TRUE
mono-045	千	千	qiān	thiên	một nghìn	một nghìn		Chỉ sự/độc thể	Đối chiếu hình chữ cổ để nhận ra nét nghĩa gốc; ghi chú nguồn: Phonosemantic compound. 一 represents the meaning and 亻 represents the sound.	0	Viết theo hoạt ảnh từng nét trong ứng dụng; tuân thủ trên trước dưới, trái trước phải.	千	Thường giữ nguyên hình khi làm thành phần; có thể co hẹp theo vị trí.	5	Số đếm, Phương hướng & Khái niệm	104	TRUE	https://char.iis.sinica.edu.tw/TTF/getTTF1.aspx?word=%E5%8D%83&f=%E7%94%B2%E9%AA%A8%E6%96%87&s=200&c=black	https://char.iis.sinica.edu.tw/TTF/getTTF1.aspx?word=%E5%8D%83&f=%E9%87%91%E6%96%87&s=200&c=black	https://char.iis.sinica.edu.tw/TTF/getTTF1.aspx?word=%E5%8D%83&f=%E5%B0%8F%E7%AF%86&s=200&c=black	https://chardb.iis.sinica.edu.tw/search.jsp?q=%E5%8D%83&stype=0	千万 | 几千 | 千瓦 | 成千上万	千万 | 几千 | 千瓦	TRUE
mono-046	川	川	Chuān	xuyên	viết tắt của tỉnh Tứ Xuyên 四川[Si4 chuan1] ở tây nam Trung Quốc	viết tắt của tỉnh Tứ Xuyên 四川[Si4 chuan1] ở tây nam Trung Quốc		Tượng hình	Đối chiếu hình chữ cổ để nhận ra nét nghĩa gốc; ghi chú nguồn: Pictograph of a river.	0	Viết theo hoạt ảnh từng nét trong ứng dụng; tuân thủ trên trước dưới, trái trước phải.	川	Thường giữ nguyên hình khi làm thành phần; có thể co hẹp theo vị trí.	1	Tự nhiên & Vũ trụ	0	FALSE	https://char.iis.sinica.edu.tw/TTF/getTTF1.aspx?word=%E5%B7%9D&f=%E7%94%B2%E9%AA%A8%E6%96%87&s=200&c=black	https://char.iis.sinica.edu.tw/TTF/getTTF1.aspx?word=%E5%B7%9D&f=%E9%87%91%E6%96%87&s=200&c=black	https://char.iis.sinica.edu.tw/TTF/getTTF1.aspx?word=%E5%B7%9D&f=%E5%B0%8F%E7%AF%86&s=200&c=black	https://chardb.iis.sinica.edu.tw/search.jsp?q=%E5%B7%9D&stype=0	四川 | 冰川 | 四川省 | 德川	四川 | 冰川 | 四川省	TRUE
mono-047	个	個	gè	cá	dùng trong 自個兒|自个儿[zi4 ge3 r5]	dùng trong 自個兒|自个儿[zi4 ge3 r5]		Tượng hình	Đối chiếu hình chữ cổ để nhận ra nét nghĩa gốc; ghi chú nguồn: Pictograph of one stalk of bamboo. Same as one half of the character for bamboo (竹).	0	Viết theo hoạt ảnh từng nét trong ứng dụng; tuân thủ trên trước dưới, trái trước phải.	个	Thường giữ nguyên hình khi làm thành phần; có thể co hẹp theo vị trí.	5	Số đếm, Phương hướng & Khái niệm	6	TRUE	https://char.iis.sinica.edu.tw/TTF/getTTF1.aspx?word=%E4%B8%AA&f=%E7%94%B2%E9%AA%A8%E6%96%87&s=200&c=black	https://char.iis.sinica.edu.tw/TTF/getTTF1.aspx?word=%E4%B8%AA&f=%E9%87%91%E6%96%87&s=200&c=black	https://char.iis.sinica.edu.tw/TTF/getTTF1.aspx?word=%E4%B8%AA&f=%E5%B0%8F%E7%AF%86&s=200&c=black	https://chardb.iis.sinica.edu.tw/search.jsp?q=%E4%B8%AA&stype=0	这个 | 那个 | 个人 | 整个	这个 | 那个 | 个人	TRUE
mono-048	夕	夕	xī	tịch	chạng vạng / buổi tối / đọc ở Đài Loan: [xi4]	chạng vạng	buổi tối / đọc ở Đài Loan: [xi4]	Tượng hình	"Đối chiếu hình chữ cổ để nhận ra nét nghĩa gốc; ghi chú nguồn: Pictograph of the moon. Used to express ""evening"" or ""night""."	0	Viết theo hoạt ảnh từng nét trong ứng dụng; tuân thủ trên trước dưới, trái trước phải.	夕	Thường giữ nguyên hình khi làm thành phần; có thể co hẹp theo vị trí.	1	Tự nhiên & Vũ trụ	0	FALSE	https://char.iis.sinica.edu.tw/TTF/getTTF1.aspx?word=%E5%A4%95&f=%E7%94%B2%E9%AA%A8%E6%96%87&s=200&c=black	https://char.iis.sinica.edu.tw/TTF/getTTF1.aspx?word=%E5%A4%95&f=%E9%87%91%E6%96%87&s=200&c=black	https://char.iis.sinica.edu.tw/TTF/getTTF1.aspx?word=%E5%A4%95&f=%E5%B0%8F%E7%AF%86&s=200&c=black	https://chardb.iis.sinica.edu.tw/search.jsp?q=%E5%A4%95&stype=0	前夕 | 除夕 | 夕阳 | 危在旦夕	前夕 | 除夕 | 夕阳	TRUE
mono-049	久	久	jiǔ	cửu	thời gian (dài) / (khoảng) thời gian dài	thời gian (dài)	(khoảng) thời gian dài	Chỉ sự/độc thể	Đối chiếu hình chữ cổ để nhận ra nét nghĩa gốc; ghi chú nguồn: Origin unclear	0	Viết theo hoạt ảnh từng nét trong ứng dụng; tuân thủ trên trước dưới, trái trước phải.	久	Thường giữ nguyên hình khi làm thành phần; có thể co hẹp theo vị trí.	5	Số đếm, Phương hướng & Khái niệm	49	TRUE	https://char.iis.sinica.edu.tw/TTF/getTTF1.aspx?word=%E4%B9%85&f=%E7%94%B2%E9%AA%A8%E6%96%87&s=200&c=black	https://char.iis.sinica.edu.tw/TTF/getTTF1.aspx?word=%E4%B9%85&f=%E9%87%91%E6%96%87&s=200&c=black	https://char.iis.sinica.edu.tw/TTF/getTTF1.aspx?word=%E4%B9%85&f=%E5%B0%8F%E7%AF%86&s=200&c=black	https://chardb.iis.sinica.edu.tw/search.jsp?q=%E4%B9%85&stype=0	多久 | 不久 | 好久 | 长久	多久 | 不久 | 好久	TRUE
mono-050	么	麼	má	yêu	trợ từ cảm thán cuối câu	trợ từ cảm thán cuối câu		Chỉ sự/độc thể	"Đối chiếu hình chữ cổ để nhận ra nét nghĩa gốc; ghi chú nguồn: Variant form of 幺. In simplified Chinese 么 is also used to mean ""[particle]"", while in traditional Chinese this meaning is written with a separate character 麼."	0	Viết theo hoạt ảnh từng nét trong ứng dụng; tuân thủ trên trước dưới, trái trước phải.	么	Thường giữ nguyên hình khi làm thành phần; có thể co hẹp theo vị trí.	5	Số đếm, Phương hướng & Khái niệm	21	TRUE	https://char.iis.sinica.edu.tw/TTF/getTTF1.aspx?word=%E4%B9%88&f=%E7%94%B2%E9%AA%A8%E6%96%87&s=200&c=black	https://char.iis.sinica.edu.tw/TTF/getTTF1.aspx?word=%E4%B9%88&f=%E9%87%91%E6%96%87&s=200&c=black	https://char.iis.sinica.edu.tw/TTF/getTTF1.aspx?word=%E4%B9%88&f=%E5%B0%8F%E7%AF%86&s=200&c=black	https://chardb.iis.sinica.edu.tw/search.jsp?q=%E4%B9%88&stype=0	什么 | 怎么 | 这么 | 那么	什么 | 怎么 | 这么	TRUE
mono-051	丸	丸	wán	hoàn	quả cầu / viên thuốc / viên	quả cầu	viên thuốc / viên	Tượng hình	Đối chiếu hình chữ cổ để nhận ra nét nghĩa gốc; ghi chú nguồn: Depicts something tilted or leaning forward; i.e. something that can be turned around.	0	Viết theo hoạt ảnh từng nét trong ứng dụng; tuân thủ trên trước dưới, trái trước phải.	丸	Thường giữ nguyên hình khi làm thành phần; có thể co hẹp theo vị trí.	5	Số đếm, Phương hướng & Khái niệm	0	FALSE	https://char.iis.sinica.edu.tw/TTF/getTTF1.aspx?word=%E4%B8%B8&f=%E7%94%B2%E9%AA%A8%E6%96%87&s=200&c=black	https://char.iis.sinica.edu.tw/TTF/getTTF1.aspx?word=%E4%B8%B8&f=%E9%87%91%E6%96%87&s=200&c=black	https://char.iis.sinica.edu.tw/TTF/getTTF1.aspx?word=%E4%B8%B8&f=%E5%B0%8F%E7%AF%86&s=200&c=black	https://chardb.iis.sinica.edu.tw/search.jsp?q=%E4%B8%B8&stype=0	睾丸 | 药丸 | 丸子 | 肉丸	睾丸 | 药丸 | 丸子	TRUE
mono-052	及	及	jí	cập	và / để đạt tới / lên đến / kịp lúc cho	và	để đạt tới / lên đến / kịp lúc cho	Tượng hình	Đối chiếu hình chữ cổ để nhận ra nét nghĩa gốc; ghi chú nguồn: Pictograph of a hand (又) reaching to grab a person (人).	0	Viết theo hoạt ảnh từng nét trong ứng dụng; tuân thủ trên trước dưới, trái trước phải.	及	Thường giữ nguyên hình khi làm thành phần; có thể co hẹp theo vị trí.	5	Số đếm, Phương hướng & Khái niệm	87	TRUE	https://char.iis.sinica.edu.tw/TTF/getTTF1.aspx?word=%E5%8F%8A&f=%E7%94%B2%E9%AA%A8%E6%96%87&s=200&c=black	https://char.iis.sinica.edu.tw/TTF/getTTF1.aspx?word=%E5%8F%8A&f=%E9%87%91%E6%96%87&s=200&c=black	https://char.iis.sinica.edu.tw/TTF/getTTF1.aspx?word=%E5%8F%8A&f=%E5%B0%8F%E7%AF%86&s=200&c=black	https://chardb.iis.sinica.edu.tw/search.jsp?q=%E5%8F%8A&stype=0	以及 | 及时 | 涉及 | 及其	以及 | 及时 | 涉及	TRUE
mono-053	彳	彳	chì	xích	bước chân trái (bộ Khang Hy số 60) / xem thêm 彳亍[chi4 chu4]	bước chân trái (bộ Khang Hy số 60)	xem thêm 彳亍[chi4 chu4]	Chỉ sự/độc thể	Đối chiếu hình chữ cổ để nhận ra nét nghĩa gốc; ghi chú nguồn: 彳 is a component form of 行.	0	Viết theo hoạt ảnh từng nét trong ứng dụng; tuân thủ trên trước dưới, trái trước phải.	彳	Thường giữ nguyên hình khi làm thành phần; có thể co hẹp theo vị trí.	5	Số đếm, Phương hướng & Khái niệm	0	FALSE	https://char.iis.sinica.edu.tw/TTF/getTTF1.aspx?word=%E5%BD%B3&f=%E7%94%B2%E9%AA%A8%E6%96%87&s=200&c=black	https://char.iis.sinica.edu.tw/TTF/getTTF1.aspx?word=%E5%BD%B3&f=%E9%87%91%E6%96%87&s=200&c=black	https://char.iis.sinica.edu.tw/TTF/getTTF1.aspx?word=%E5%BD%B3&f=%E5%B0%8F%E7%AF%86&s=200&c=black	https://chardb.iis.sinica.edu.tw/search.jsp?q=%E5%BD%B3&stype=0			TRUE
mono-054	广	广	yǎn	nghiễm	"bộ ""nhà trên vách núi"" trong chữ Hán (bộ Khang Hy số 53), xuất hiện trong 店, 序, 底, v.v."	"bộ ""nhà trên vách núi"" trong chữ Hán (bộ Khang Hy số 53), xuất hiện trong 店, 序, 底, v.v."		Chỉ sự/độc thể	"Đối chiếu hình chữ cổ để nhận ra nét nghĩa gốc; ghi chú nguồn: Variant form of 宀 (roof). In simplified Chinese 广 is also used to mean ""wide"", while in traditional Chinese this meaning is written with a separate character 廣."	0	Viết theo hoạt ảnh từng nét trong ứng dụng; tuân thủ trên trước dưới, trái trước phải.	广	Thường giữ nguyên hình khi làm thành phần; có thể co hẹp theo vị trí.	5	Số đếm, Phương hướng & Khái niệm	0	FALSE	https://char.iis.sinica.edu.tw/TTF/getTTF1.aspx?word=%E5%B9%BF&f=%E7%94%B2%E9%AA%A8%E6%96%87&s=200&c=black	https://char.iis.sinica.edu.tw/TTF/getTTF1.aspx?word=%E5%B9%BF&f=%E9%87%91%E6%96%87&s=200&c=black	https://char.iis.sinica.edu.tw/TTF/getTTF1.aspx?word=%E5%B9%BF&f=%E5%B0%8F%E7%AF%86&s=200&c=black	https://chardb.iis.sinica.edu.tw/search.jsp?q=%E5%B9%BF&stype=0	广告 | 广场 | 广播 | 广州	广告 | 广场 | 广播	TRUE
mono-055	亡	亡	wáng	vong	chết / mất / không còn / trốn / qua đời	chết	mất / không còn / trốn / qua đời	Tượng hình	Đối chiếu hình chữ cổ để nhận ra nét nghĩa gốc; ghi chú nguồn: Pictograph of the tip of a knife blade.	0	Viết theo hoạt ảnh từng nét trong ứng dụng; tuân thủ trên trước dưới, trái trước phải.	亡	Thường giữ nguyên hình khi làm thành phần; có thể co hẹp theo vị trí.	5	Số đếm, Phương hướng & Khái niệm	0	FALSE	https://char.iis.sinica.edu.tw/TTF/getTTF1.aspx?word=%E4%BA%A1&f=%E7%94%B2%E9%AA%A8%E6%96%87&s=200&c=black	https://char.iis.sinica.edu.tw/TTF/getTTF1.aspx?word=%E4%BA%A1&f=%E9%87%91%E6%96%87&s=200&c=black	https://char.iis.sinica.edu.tw/TTF/getTTF1.aspx?word=%E4%BA%A1&f=%E5%B0%8F%E7%AF%86&s=200&c=black	https://chardb.iis.sinica.edu.tw/search.jsp?q=%E4%BA%A1&stype=0	死亡 | 伤亡 | 身亡 | 逃亡	死亡 | 伤亡 | 身亡	TRUE
mono-056	门	門	Mén	môn	họ [Men2]	họ [Men2]		Tượng hình	Đối chiếu hình chữ cổ để nhận ra nét nghĩa gốc; ghi chú nguồn: Simplified form of 門. Pictograph of a gate.	0	Viết theo hoạt ảnh từng nét trong ứng dụng; tuân thủ trên trước dưới, trái trước phải.	门	Thường giữ nguyên hình khi làm thành phần; có thể co hẹp theo vị trí.	4	Đồ vật & Công cụ	44	TRUE	https://char.iis.sinica.edu.tw/TTF/getTTF1.aspx?word=%E9%97%A8&f=%E7%94%B2%E9%AA%A8%E6%96%87&s=200&c=black	https://char.iis.sinica.edu.tw/TTF/getTTF1.aspx?word=%E9%97%A8&f=%E9%87%91%E6%96%87&s=200&c=black	https://char.iis.sinica.edu.tw/TTF/getTTF1.aspx?word=%E9%97%A8&f=%E5%B0%8F%E7%AF%86&s=200&c=black	https://chardb.iis.sinica.edu.tw/search.jsp?q=%E9%97%A8&stype=0	部门 | 专门 | 开门 | 出门	部门 | 专门 | 开门	TRUE
mono-057	丫	丫	yā	a	nhánh / rẽ / phân nhánh / cô gái	nhánh	rẽ / phân nhánh / cô gái	Tượng hình	Đối chiếu hình chữ cổ để nhận ra nét nghĩa gốc; ghi chú nguồn: Pictograph of a fork or branch.	0	Viết theo hoạt ảnh từng nét trong ứng dụng; tuân thủ trên trước dưới, trái trước phải.	丫	Thường giữ nguyên hình khi làm thành phần; có thể co hẹp theo vị trí.	5	Số đếm, Phương hướng & Khái niệm	0	FALSE	https://char.iis.sinica.edu.tw/TTF/getTTF1.aspx?word=%E4%B8%AB&f=%E7%94%B2%E9%AA%A8%E6%96%87&s=200&c=black	https://char.iis.sinica.edu.tw/TTF/getTTF1.aspx?word=%E4%B8%AB&f=%E9%87%91%E6%96%87&s=200&c=black	https://char.iis.sinica.edu.tw/TTF/getTTF1.aspx?word=%E4%B8%AB&f=%E5%B0%8F%E7%AF%86&s=200&c=black	https://chardb.iis.sinica.edu.tw/search.jsp?q=%E4%B8%AB&stype=0	丫头 | 脚丫子 | 丫鬟 | 黄毛丫头	丫头 | 脚丫子 | 丫鬟	TRUE
mono-058	义	義	Yì	nghĩa	họ [Yi4] / (Đài Loan) viết tắt của 義大利|义大利[Yi4da4li4], Ý	họ [Yi4]	(Đài Loan) viết tắt của 義大利|义大利[Yi4da4li4], Ý	Chỉ sự/độc thể	Đối chiếu hình chữ cổ để nhận ra nét nghĩa gốc; ghi chú nguồn: Phonosemantic compound. 羊 represents the meaning and 我 represents the sound. In ancient China sheep (羊) were associated with goodness and fortune, which is why 羊 is a component in characters like 美 (beautiful), 祥 (auspicious), 善 (benevolent), and 義 (justice). The simplified character 义 was adapted from the cursive form of the traditional character 義.	0	Viết theo hoạt ảnh từng nét trong ứng dụng; tuân thủ trên trước dưới, trái trước phải.	义	Thường giữ nguyên hình khi làm thành phần; có thể co hẹp theo vị trí.	5	Số đếm, Phương hướng & Khái niệm	0	FALSE	https://char.iis.sinica.edu.tw/TTF/getTTF1.aspx?word=%E4%B9%89&f=%E7%94%B2%E9%AA%A8%E6%96%87&s=200&c=black	https://char.iis.sinica.edu.tw/TTF/getTTF1.aspx?word=%E4%B9%89&f=%E9%87%91%E6%96%87&s=200&c=black	https://char.iis.sinica.edu.tw/TTF/getTTF1.aspx?word=%E4%B9%89&f=%E5%B0%8F%E7%AF%86&s=200&c=black	https://chardb.iis.sinica.edu.tw/search.jsp?q=%E4%B9%89&stype=0	意义 | 社会主义 | 主义 | 义务	意义 | 社会主义 | 主义	TRUE
mono-059	之	之	zhī	chi	(trợ từ sở hữu, tương đương trong văn học của 的[de5]) / anh / cô / nó	(trợ từ sở hữu, tương đương trong văn học của 的[de5])	anh / cô / nó	Tượng hình	Đối chiếu hình chữ cổ để nhận ra nét nghĩa gốc; ghi chú nguồn: Pictograph of a foot, phonetically and visually similar to 止, which also a pictograph of a foot.	0	Viết theo hoạt ảnh từng nét trong ứng dụng; tuân thủ trên trước dưới, trái trước phải.	之	Thường giữ nguyên hình khi làm thành phần; có thể co hẹp theo vị trí.	5	Số đếm, Phương hướng & Khái niệm	35	TRUE	https://char.iis.sinica.edu.tw/TTF/getTTF1.aspx?word=%E4%B9%8B&f=%E7%94%B2%E9%AA%A8%E6%96%87&s=200&c=black	https://char.iis.sinica.edu.tw/TTF/getTTF1.aspx?word=%E4%B9%8B&f=%E9%87%91%E6%96%87&s=200&c=black	https://char.iis.sinica.edu.tw/TTF/getTTF1.aspx?word=%E4%B9%8B&f=%E5%B0%8F%E7%AF%86&s=200&c=black	https://chardb.iis.sinica.edu.tw/search.jsp?q=%E4%B9%8B&stype=0	之后 | 之前 | 之间 | 之一	之后 | 之前 | 之间	TRUE
mono-060	尸	尸	shī	thây	người đại diện cho người chết (trong lễ an táng) / phơi xác (sau khi hành quyết) / biến thể của 屍|尸[shi1] / thi thể	người đại diện cho người chết (trong lễ an táng)	phơi xác (sau khi hành quyết) / biến thể của 屍|尸[shi1] / thi thể	Tượng hình	Đối chiếu hình chữ cổ để nhận ra nét nghĩa gốc; ghi chú nguồn: Pictograph of a bent-over human.	0	Viết theo hoạt ảnh từng nét trong ứng dụng; tuân thủ trên trước dưới, trái trước phải.	尸	Thường giữ nguyên hình khi làm thành phần; có thể co hẹp theo vị trí.	2	Con người & Cơ thể	105	TRUE	https://char.iis.sinica.edu.tw/TTF/getTTF1.aspx?word=%E5%B0%B8&f=%E7%94%B2%E9%AA%A8%E6%96%87&s=200&c=black	https://char.iis.sinica.edu.tw/TTF/getTTF1.aspx?word=%E5%B0%B8&f=%E9%87%91%E6%96%87&s=200&c=black	https://char.iis.sinica.edu.tw/TTF/getTTF1.aspx?word=%E5%B0%B8&f=%E5%B0%8F%E7%AF%86&s=200&c=black	https://chardb.iis.sinica.edu.tw/search.jsp?q=%E5%B0%B8&stype=0	尸体 | 僵尸 | 验尸 | 死尸	尸体 | 僵尸 | 验尸	TRUE
mono-061	己	己	jǐ	kỉ	"tự bản thân / mình / can thứ sáu trong mười Thiên Can 十天干[shi2 tian1 gan1] / đứng thứ sáu / chữ ""F"" hoặc La Mã ""VI"" trong danh sách ""A, B, C"", hoặc ""I, II, III"" v.v. / hệ thập lục phân"	tự bản thân	"mình / can thứ sáu trong mười Thiên Can 十天干[shi2 tian1 gan1] / đứng thứ sáu / chữ ""F"" hoặc La Mã ""VI"" trong danh sách ""A, B, C"", hoặc ""I, II, III"" v.v. / hệ thập lục phân"	Chỉ sự/độc thể	Đối chiếu hình chữ cổ để nhận ra nét nghĩa gốc; ghi chú nguồn: Origin unclear.	0	Viết theo hoạt ảnh từng nét trong ứng dụng; tuân thủ trên trước dưới, trái trước phải.	己	Thường giữ nguyên hình khi làm thành phần; có thể co hẹp theo vị trí.	5	Số đếm, Phương hướng & Khái niệm	0	FALSE	https://char.iis.sinica.edu.tw/TTF/getTTF1.aspx?word=%E5%B7%B1&f=%E7%94%B2%E9%AA%A8%E6%96%87&s=200&c=black	https://char.iis.sinica.edu.tw/TTF/getTTF1.aspx?word=%E5%B7%B1&f=%E9%87%91%E6%96%87&s=200&c=black	https://char.iis.sinica.edu.tw/TTF/getTTF1.aspx?word=%E5%B7%B1&f=%E5%B0%8F%E7%AF%86&s=200&c=black	https://chardb.iis.sinica.edu.tw/search.jsp?q=%E5%B7%B1&stype=0	自己 | 知己 | 自己人 | 身不由己	自己 | 知己 | 自己人	TRUE
mono-062	已	已	yǐ	dĩ	đã / ngừng / rồi / sau đó	đã	ngừng / rồi / sau đó	Chỉ sự/độc thể	Đối chiếu hình chữ cổ để nhận ra nét nghĩa gốc; ghi chú nguồn: Origin unclear.	0	Viết theo hoạt ảnh từng nét trong ứng dụng; tuân thủ trên trước dưới, trái trước phải.	已	Thường giữ nguyên hình khi làm thành phần; có thể co hẹp theo vị trí.	5	Số đếm, Phương hướng & Khái niệm	52	TRUE	https://char.iis.sinica.edu.tw/TTF/getTTF1.aspx?word=%E5%B7%B2&f=%E7%94%B2%E9%AA%A8%E6%96%87&s=200&c=black	https://char.iis.sinica.edu.tw/TTF/getTTF1.aspx?word=%E5%B7%B2&f=%E9%87%91%E6%96%87&s=200&c=black	https://char.iis.sinica.edu.tw/TTF/getTTF1.aspx?word=%E5%B7%B2&f=%E5%B0%8F%E7%AF%86&s=200&c=black	https://chardb.iis.sinica.edu.tw/search.jsp?q=%E5%B7%B2&stype=0	已经 | 而已 | 早已 | 不已	已经 | 而已 | 早已	TRUE
mono-063	巳	巳	sì	tị	chi thứ 6 trong 12 địa chi: 9-11 giờ sáng, tháng 4 âm lịch (5 tháng 5-5 tháng 6), năm Tỵ / hướng la bàn cổ Trung Quốc: 150°	chi thứ 6 trong 12 địa chi: 9-11 giờ sáng, tháng 4 âm lịch (5 tháng 5-5 tháng 6), năm Tỵ	hướng la bàn cổ Trung Quốc: 150°	Chỉ sự/độc thể	Dạng chữ độc thể; đối chiếu Giáp Cốt văn, Kim văn và Tiểu Triện ở chuỗi hình bên cạnh.	0	Viết theo hoạt ảnh từng nét trong ứng dụng; tuân thủ trên trước dưới, trái trước phải.	巳	Thường giữ nguyên hình khi làm thành phần; có thể co hẹp theo vị trí.	5	Số đếm, Phương hướng & Khái niệm	0	FALSE	https://char.iis.sinica.edu.tw/TTF/getTTF1.aspx?word=%E5%B7%B3&f=%E7%94%B2%E9%AA%A8%E6%96%87&s=200&c=black	https://char.iis.sinica.edu.tw/TTF/getTTF1.aspx?word=%E5%B7%B3&f=%E9%87%91%E6%96%87&s=200&c=black	https://char.iis.sinica.edu.tw/TTF/getTTF1.aspx?word=%E5%B7%B3&f=%E5%B0%8F%E7%AF%86&s=200&c=black	https://chardb.iis.sinica.edu.tw/search.jsp?q=%E5%B7%B3&stype=0	乙巳 | 辛巳 | 丁巳 | 癸巳	乙巳 | 辛巳 | 丁巳	TRUE
mono-064	弓	弓	Gōng	cung	họ [Gong1]	họ [Gong1]		Tượng hình	Đối chiếu hình chữ cổ để nhận ra nét nghĩa gốc; ghi chú nguồn: Pictograph of a curved bow.	0	Viết theo hoạt ảnh từng nét trong ứng dụng; tuân thủ trên trước dưới, trái trước phải.	弓	Thường giữ nguyên hình khi làm thành phần; có thể co hẹp theo vị trí.	4	Đồ vật & Công cụ	0	FALSE	https://char.iis.sinica.edu.tw/TTF/getTTF1.aspx?word=%E5%BC%93&f=%E7%94%B2%E9%AA%A8%E6%96%87&s=200&c=black	https://char.iis.sinica.edu.tw/TTF/getTTF1.aspx?word=%E5%BC%93&f=%E9%87%91%E6%96%87&s=200&c=black	https://char.iis.sinica.edu.tw/TTF/getTTF1.aspx?word=%E5%BC%93&f=%E5%B0%8F%E7%AF%86&s=200&c=black	https://chardb.iis.sinica.edu.tw/search.jsp?q=%E5%BC%93&stype=0	弓箭 | 弹弓 | 弓形 | 惊弓之鸟	弓箭 | 弹弓 | 弓形	TRUE
mono-065	子	子	zǐ	tí	con trai / trẻ em / hạt / trứng / vật nhỏ / địa chi thứ nhất: 11 giờ đêm - 1 giờ sáng, nửa đêm, tháng 11 âm lịch (7 tháng Mười Hai đến 5 tháng Một), năm Tý / tước nam, cấp thứ tư trong ngũ đẳng tước vị 五等爵位[wu3 deng3 jue2 wei4] / hướng la bàn cổ đại Trung Quốc: 0° (bắc) / phụ; cấp dưới; (tiền tố) chi-	con trai	trẻ em / hạt / trứng / vật nhỏ / địa chi thứ nhất: 11 giờ đêm - 1 giờ sáng, nửa đêm, tháng 11 âm lịch (7 tháng Mười Hai đến 5 tháng Một), năm Tý / tước nam, cấp thứ tư trong ngũ đẳng tước vị 五等爵位[wu3 deng3 jue2 wei4] / hướng la bàn cổ đại Trung Quốc: 0° (bắc) / phụ; cấp dưới; (tiền tố) chi-	Tượng hình	Đối chiếu hình chữ cổ để nhận ra nét nghĩa gốc; ghi chú nguồn: Pictograph of a small child with its two arms outstretched.	0	Viết theo hoạt ảnh từng nét trong ứng dụng; tuân thủ trên trước dưới, trái trước phải.	子	Thường giữ nguyên hình khi làm thành phần; có thể co hẹp theo vị trí.	2	Con người & Cơ thể	71	TRUE	https://char.iis.sinica.edu.tw/TTF/getTTF1.aspx?word=%E5%AD%90&f=%E7%94%B2%E9%AA%A8%E6%96%87&s=200&c=black	https://char.iis.sinica.edu.tw/TTF/getTTF1.aspx?word=%E5%AD%90&f=%E9%87%91%E6%96%87&s=200&c=black	https://char.iis.sinica.edu.tw/TTF/getTTF1.aspx?word=%E5%AD%90&f=%E5%B0%8F%E7%AF%86&s=200&c=black	https://chardb.iis.sinica.edu.tw/search.jsp?q=%E5%AD%90&stype=0	孩子 | 儿子 | 房子 | 妻子	孩子 | 儿子 | 房子	TRUE
mono-066	卫	衛	Wèi	vệ	họ [Wei4] / nước chư hầu thời nhà Chu (1066-221 TCN), nằm ở tỉnh Hà Nam và Hà Bắc ngày nay	họ [Wei4]	nước chư hầu thời nhà Chu (1066-221 TCN), nằm ở tỉnh Hà Nam và Hà Bắc ngày nay	Tượng hình	Đối chiếu hình chữ cổ để nhận ra nét nghĩa gốc; ghi chú nguồn: Simplified from the cursive form of the traditional character 衛. Depicts feet (止) walking around, patrolling a street intersection (行).	0	Viết theo hoạt ảnh từng nét trong ứng dụng; tuân thủ trên trước dưới, trái trước phải.	卫	Thường giữ nguyên hình khi làm thành phần; có thể co hẹp theo vị trí.	5	Số đếm, Phương hướng & Khái niệm	0	FALSE	https://char.iis.sinica.edu.tw/TTF/getTTF1.aspx?word=%E5%8D%AB&f=%E7%94%B2%E9%AA%A8%E6%96%87&s=200&c=black	https://char.iis.sinica.edu.tw/TTF/getTTF1.aspx?word=%E5%8D%AB&f=%E9%87%91%E6%96%87&s=200&c=black	https://char.iis.sinica.edu.tw/TTF/getTTF1.aspx?word=%E5%8D%AB&f=%E5%B0%8F%E7%AF%86&s=200&c=black	https://chardb.iis.sinica.edu.tw/search.jsp?q=%E5%8D%AB&stype=0	卫生 | 卫星 | 大卫 | 保卫	卫生 | 卫星 | 大卫	TRUE
mono-067	也	也	Yě	dã	họ [Ye3]	họ [Ye3]		Tượng hình	Đối chiếu hình chữ cổ để nhận ra nét nghĩa gốc; ghi chú nguồn: Origin unclear. Variously explained as a pictograph of a snake, a vulva, a funnel, a crying child, or an ideograph depicting a pause in speech.	0	Viết theo hoạt ảnh từng nét trong ứng dụng; tuân thủ trên trước dưới, trái trước phải.	也	Thường giữ nguyên hình khi làm thành phần; có thể co hẹp theo vị trí.	5	Số đếm, Phương hướng & Khái niệm	7	TRUE	https://char.iis.sinica.edu.tw/TTF/getTTF1.aspx?word=%E4%B9%9F&f=%E7%94%B2%E9%AA%A8%E6%96%87&s=200&c=black	https://char.iis.sinica.edu.tw/TTF/getTTF1.aspx?word=%E4%B9%9F&f=%E9%87%91%E6%96%87&s=200&c=black	https://char.iis.sinica.edu.tw/TTF/getTTF1.aspx?word=%E4%B9%9F&f=%E5%B0%8F%E7%AF%86&s=200&c=black	https://chardb.iis.sinica.edu.tw/search.jsp?q=%E4%B9%9F&stype=0	也许 | 也就是说 | 也就是 | 维也纳	也许 | 也就是说 | 也就是	TRUE
mono-068	女	女	nǚ	nữa	nữ / phụ nữ / con gái	nữ	phụ nữ / con gái	Tượng hình	Đối chiếu hình chữ cổ để nhận ra nét nghĩa gốc; ghi chú nguồn: Pictograph of a woman. Depicts a stick-figure with breasts sitting or squatting down.	0	Viết theo hoạt ảnh từng nét trong ứng dụng; tuân thủ trên trước dưới, trái trước phải.	女	Thường giữ nguyên hình khi làm thành phần; có thể co hẹp theo vị trí.	2	Con người & Cơ thể	46	TRUE	https://char.iis.sinica.edu.tw/TTF/getTTF1.aspx?word=%E5%A5%B3&f=%E7%94%B2%E9%AA%A8%E6%96%87&s=200&c=black	https://char.iis.sinica.edu.tw/TTF/getTTF1.aspx?word=%E5%A5%B3&f=%E9%87%91%E6%96%87&s=200&c=black	https://char.iis.sinica.edu.tw/TTF/getTTF1.aspx?word=%E5%A5%B3&f=%E5%B0%8F%E7%AF%86&s=200&c=black	https://chardb.iis.sinica.edu.tw/search.jsp?q=%E5%A5%B3&stype=0	女人 | 女孩 | 女儿 | 女士	女人 | 女孩 | 女儿	TRUE
mono-069	刃	刃	rèn	nhẫn	cạnh của lưỡi dao	cạnh của lưỡi dao		Tượng hình	Đối chiếu hình chữ cổ để nhận ra nét nghĩa gốc; ghi chú nguồn: Pictograph of a knife. Similar to 刀 (knife), with an added dot.	0	Viết theo hoạt ảnh từng nét trong ứng dụng; tuân thủ trên trước dưới, trái trước phải.	刃	Thường giữ nguyên hình khi làm thành phần; có thể co hẹp theo vị trí.	5	Số đếm, Phương hướng & Khái niệm	0	FALSE	https://char.iis.sinica.edu.tw/TTF/getTTF1.aspx?word=%E5%88%83&f=%E7%94%B2%E9%AA%A8%E6%96%87&s=200&c=black	https://char.iis.sinica.edu.tw/TTF/getTTF1.aspx?word=%E5%88%83&f=%E9%87%91%E6%96%87&s=200&c=black	https://char.iis.sinica.edu.tw/TTF/getTTF1.aspx?word=%E5%88%83&f=%E5%B0%8F%E7%AF%86&s=200&c=black	https://chardb.iis.sinica.edu.tw/search.jsp?q=%E5%88%83&stype=0	刀刃 | 游刃有余 | 迎刃而解 | 利刃	刀刃 | 游刃有余 | 迎刃而解	TRUE
mono-070	飞	飛	fēi	phi	bay	bay		Tượng hình	Đối chiếu hình chữ cổ để nhận ra nét nghĩa gốc; ghi chú nguồn: Simplified form of 飛. Pictograph of a flying bird.	0	Viết theo hoạt ảnh từng nét trong ứng dụng; tuân thủ trên trước dưới, trái trước phải.	飞	Thường giữ nguyên hình khi làm thành phần; có thể co hẹp theo vị trí.	5	Số đếm, Phương hướng & Khái niệm	73	TRUE	https://char.iis.sinica.edu.tw/TTF/getTTF1.aspx?word=%E9%A3%9E&f=%E7%94%B2%E9%AA%A8%E6%96%87&s=200&c=black	https://char.iis.sinica.edu.tw/TTF/getTTF1.aspx?word=%E9%A3%9E&f=%E9%87%91%E6%96%87&s=200&c=black	https://char.iis.sinica.edu.tw/TTF/getTTF1.aspx?word=%E9%A3%9E&f=%E5%B0%8F%E7%AF%86&s=200&c=black	https://chardb.iis.sinica.edu.tw/search.jsp?q=%E9%A3%9E&stype=0	飞机 | 飞行 | 飞船 | 起飞	飞机 | 飞行 | 飞船	TRUE
mono-071	习	習	Xí	tập	họ [Xi2]	họ [Xi2]		Chỉ sự/độc thể	Đối chiếu hình chữ cổ để nhận ra nét nghĩa gốc; ghi chú nguồn: Simplified form of 習. Origin unclear. The traditional component 白 was removed for simplification.	0	Viết theo hoạt ảnh từng nét trong ứng dụng; tuân thủ trên trước dưới, trái trước phải.	习	Thường giữ nguyên hình khi làm thành phần; có thể co hẹp theo vị trí.	5	Số đếm, Phương hướng & Khái niệm	0	FALSE	https://char.iis.sinica.edu.tw/TTF/getTTF1.aspx?word=%E4%B9%A0&f=%E7%94%B2%E9%AA%A8%E6%96%87&s=200&c=black	https://char.iis.sinica.edu.tw/TTF/getTTF1.aspx?word=%E4%B9%A0&f=%E9%87%91%E6%96%87&s=200&c=black	https://char.iis.sinica.edu.tw/TTF/getTTF1.aspx?word=%E4%B9%A0&f=%E5%B0%8F%E7%AF%86&s=200&c=black	https://chardb.iis.sinica.edu.tw/search.jsp?q=%E4%B9%A0&stype=0	学习 | 习惯 | 练习 | 实习生	学习 | 习惯 | 练习	TRUE
mono-072	叉	叉	chā	xoa	"cái nĩa / cái chĩa / ngạnh / dụng cụ xỉa / giao nhau / cắt nhau / ""X"""	cái nĩa	"cái chĩa / ngạnh / dụng cụ xỉa / giao nhau / cắt nhau / ""X"""	Chỉ sự/độc thể	Đối chiếu hình chữ cổ để nhận ra nét nghĩa gốc; ghi chú nguồn: A hand 又 grasping an object 丶	0	Viết theo hoạt ảnh từng nét trong ứng dụng; tuân thủ trên trước dưới, trái trước phải.	叉	Thường giữ nguyên hình khi làm thành phần; có thể co hẹp theo vị trí.	5	Số đếm, Phương hướng & Khái niệm	0	FALSE	https://char.iis.sinica.edu.tw/TTF/getTTF1.aspx?word=%E5%8F%89&f=%E7%94%B2%E9%AA%A8%E6%96%87&s=200&c=black	https://char.iis.sinica.edu.tw/TTF/getTTF1.aspx?word=%E5%8F%89&f=%E9%87%91%E6%96%87&s=200&c=black	https://char.iis.sinica.edu.tw/TTF/getTTF1.aspx?word=%E5%8F%89&f=%E5%B0%8F%E7%AF%86&s=200&c=black	https://chardb.iis.sinica.edu.tw/search.jsp?q=%E5%8F%89&stype=0	交叉 | 叉子 | 分叉 | 鱼叉	交叉 | 叉子 | 分叉	TRUE
mono-073	马	馬	Mǎ	mã	họ [Ma3] / viết tắt của Malaysia 馬來西亞|马来西亚[Ma3 lai2 xi1 ya4]	họ [Ma3]	viết tắt của Malaysia 馬來西亞|马来西亚[Ma3 lai2 xi1 ya4]	Tượng hình	Đối chiếu hình chữ cổ để nhận ra nét nghĩa gốc; ghi chú nguồn: Simplified form of 馬. Pictograph of a horse.	0	Viết theo hoạt ảnh từng nét trong ứng dụng; tuân thủ trên trước dưới, trái trước phải.	马	Thường giữ nguyên hình khi làm thành phần; có thể co hẹp theo vị trí.	3	Động vật & Thực vật	50	TRUE	https://char.iis.sinica.edu.tw/TTF/getTTF1.aspx?word=%E9%A9%AC&f=%E7%94%B2%E9%AA%A8%E6%96%87&s=200&c=black	https://char.iis.sinica.edu.tw/TTF/getTTF1.aspx?word=%E9%A9%AC&f=%E9%87%91%E6%96%87&s=200&c=black	https://char.iis.sinica.edu.tw/TTF/getTTF1.aspx?word=%E9%A9%AC&f=%E5%B0%8F%E7%AF%86&s=200&c=black	https://chardb.iis.sinica.edu.tw/search.jsp?q=%E9%A9%AC&stype=0	马上 | 神马 | 罗马 | 马路	马上 | 神马 | 罗马	TRUE
mono-074	乡	鄉	xiāng	hương	nông thôn / quê hương / quê nhà / xã (đơn vị hành chính Trung Quốc)	nông thôn	quê hương / quê nhà / xã (đơn vị hành chính Trung Quốc)	Tượng hình	"Đối chiếu hình chữ cổ để nhận ra nét nghĩa gốc; ghi chú nguồn: Simplified form of 鄉. Pictograph of two people facing each other, kneeling down to share a meal. Based on the original meaning ""feast"" or ""offer food"", now written as 饗. The meaning later shifted to ""hometown"". The traditional component 皀 was removed for simplification. The traditional component 卩 was removed for simplification."	0	Viết theo hoạt ảnh từng nét trong ứng dụng; tuân thủ trên trước dưới, trái trước phải.	乡	Thường giữ nguyên hình khi làm thành phần; có thể co hẹp theo vị trí.	5	Số đếm, Phương hướng & Khái niệm	0	FALSE	https://char.iis.sinica.edu.tw/TTF/getTTF1.aspx?word=%E4%B9%A1&f=%E7%94%B2%E9%AA%A8%E6%96%87&s=200&c=black	https://char.iis.sinica.edu.tw/TTF/getTTF1.aspx?word=%E4%B9%A1&f=%E9%87%91%E6%96%87&s=200&c=black	https://char.iis.sinica.edu.tw/TTF/getTTF1.aspx?word=%E4%B9%A1&f=%E5%B0%8F%E7%AF%86&s=200&c=black	https://chardb.iis.sinica.edu.tw/search.jsp?q=%E4%B9%A1&stype=0	乡村 | 家乡 | 乡下 | 城乡	乡村 | 家乡 | 乡下	TRUE
mono-075	孑	孑	jié	kiết	một mình	một mình		Chỉ sự/độc thể	Dạng chữ độc thể; đối chiếu Giáp Cốt văn, Kim văn và Tiểu Triện ở chuỗi hình bên cạnh.	0	Viết theo hoạt ảnh từng nét trong ứng dụng; tuân thủ trên trước dưới, trái trước phải.	孑	Thường giữ nguyên hình khi làm thành phần; có thể co hẹp theo vị trí.	5	Số đếm, Phương hướng & Khái niệm	0	FALSE	https://char.iis.sinica.edu.tw/TTF/getTTF1.aspx?word=%E5%AD%91&f=%E7%94%B2%E9%AA%A8%E6%96%87&s=200&c=black	https://char.iis.sinica.edu.tw/TTF/getTTF1.aspx?word=%E5%AD%91&f=%E9%87%91%E6%96%87&s=200&c=black	https://char.iis.sinica.edu.tw/TTF/getTTF1.aspx?word=%E5%AD%91&f=%E5%B0%8F%E7%AF%86&s=200&c=black	https://chardb.iis.sinica.edu.tw/search.jsp?q=%E5%AD%91&stype=0	孑然 | 孑然一身 | 孑立 | 孑孓	孑然 | 孑然一身 | 孑立	TRUE
mono-076	孓	孓	jué	quyết	dùng trong 孑孓[jie2 jue2]	dùng trong 孑孓[jie2 jue2]		Chỉ sự/độc thể	Đối chiếu hình chữ cổ để nhận ra nét nghĩa gốc; ghi chú nguồn: seed	0	Viết theo hoạt ảnh từng nét trong ứng dụng; tuân thủ trên trước dưới, trái trước phải.	孓	Thường giữ nguyên hình khi làm thành phần; có thể co hẹp theo vị trí.	5	Số đếm, Phương hướng & Khái niệm	0	FALSE	https://char.iis.sinica.edu.tw/TTF/getTTF1.aspx?word=%E5%AD%93&f=%E7%94%B2%E9%AA%A8%E6%96%87&s=200&c=black	https://char.iis.sinica.edu.tw/TTF/getTTF1.aspx?word=%E5%AD%93&f=%E9%87%91%E6%96%87&s=200&c=black	https://char.iis.sinica.edu.tw/TTF/getTTF1.aspx?word=%E5%AD%93&f=%E5%B0%8F%E7%AF%86&s=200&c=black	https://chardb.iis.sinica.edu.tw/search.jsp?q=%E5%AD%93&stype=0	孑孓	孑孓	TRUE
mono-077	幺	么	Yāo	yêu	họ [Yao1]	họ [Yao1]		Tượng hình	Đối chiếu hình chữ cổ để nhận ra nét nghĩa gốc; ghi chú nguồn: Pictograph of a single twisted thread.	0	Viết theo hoạt ảnh từng nét trong ứng dụng; tuân thủ trên trước dưới, trái trước phải.	幺	Thường giữ nguyên hình khi làm thành phần; có thể co hẹp theo vị trí.	5	Số đếm, Phương hướng & Khái niệm	0	FALSE	https://char.iis.sinica.edu.tw/TTF/getTTF1.aspx?word=%E5%B9%BA&f=%E7%94%B2%E9%AA%A8%E6%96%87&s=200&c=black	https://char.iis.sinica.edu.tw/TTF/getTTF1.aspx?word=%E5%B9%BA&f=%E9%87%91%E6%96%87&s=200&c=black	https://char.iis.sinica.edu.tw/TTF/getTTF1.aspx?word=%E5%B9%BA&f=%E5%B0%8F%E7%AF%86&s=200&c=black	https://chardb.iis.sinica.edu.tw/search.jsp?q=%E5%B9%BA&stype=0	老幺 | 幺麽小丑	老幺 | 幺麽小丑	TRUE
mono-078	丌	丌	Jī	cơ	họ [Ji1]	họ [Ji1]		Chỉ sự/độc thể	Đối chiếu hình chữ cổ để nhận ra nét nghĩa gốc; ghi chú nguồn: A table	0	Viết theo hoạt ảnh từng nét trong ứng dụng; tuân thủ trên trước dưới, trái trước phải.	丌	Thường giữ nguyên hình khi làm thành phần; có thể co hẹp theo vị trí.	5	Số đếm, Phương hướng & Khái niệm	0	FALSE	https://char.iis.sinica.edu.tw/TTF/getTTF1.aspx?word=%E4%B8%8C&f=%E7%94%B2%E9%AA%A8%E6%96%87&s=200&c=black	https://char.iis.sinica.edu.tw/TTF/getTTF1.aspx?word=%E4%B8%8C&f=%E9%87%91%E6%96%87&s=200&c=black	https://char.iis.sinica.edu.tw/TTF/getTTF1.aspx?word=%E4%B8%8C&f=%E5%B0%8F%E7%AF%86&s=200&c=black	https://chardb.iis.sinica.edu.tw/search.jsp?q=%E4%B8%8C&stype=0			TRUE
mono-079	丰	丰	fēng	phong	sum suê / đẫy đà / biến thể của 豐|丰[feng1] / biến thể của 風|风[feng1] / diện mạo / sức hút	sum suê	đẫy đà / biến thể của 豐|丰[feng1] / biến thể của 風|风[feng1] / diện mạo / sức hút	Tượng hình	Đối chiếu hình chữ cổ để nhận ra nét nghĩa gốc; ghi chú nguồn: Pictograph of a growing plant.	0	Viết theo hoạt ảnh từng nét trong ứng dụng; tuân thủ trên trước dưới, trái trước phải.	丰	Thường giữ nguyên hình khi làm thành phần; có thể co hẹp theo vị trí.	5	Số đếm, Phương hướng & Khái niệm	0	FALSE	https://char.iis.sinica.edu.tw/TTF/getTTF1.aspx?word=%E4%B8%B0&f=%E7%94%B2%E9%AA%A8%E6%96%87&s=200&c=black	https://char.iis.sinica.edu.tw/TTF/getTTF1.aspx?word=%E4%B8%B0&f=%E9%87%91%E6%96%87&s=200&c=black	https://char.iis.sinica.edu.tw/TTF/getTTF1.aspx?word=%E4%B8%B0&f=%E5%B0%8F%E7%AF%86&s=200&c=black	https://chardb.iis.sinica.edu.tw/search.jsp?q=%E4%B8%B0&stype=0	丰富 | 丰满 | 丰厚 | 丰盛	丰富 | 丰满 | 丰厚	TRUE
mono-080	王	王	Wáng	vương	họ [Wang2]	họ [Wang2]		Tượng hình	Đối chiếu hình chữ cổ để nhận ra nét nghĩa gốc; ghi chú nguồn: Pictograph of an axe head, used as a symbol of the king's military authority.	0	Viết theo hoạt ảnh từng nét trong ứng dụng; tuân thủ trên trước dưới, trái trước phải.	王	Thường giữ nguyên hình khi làm thành phần; có thể co hẹp theo vị trí.	2	Con người & Cơ thể	95	TRUE	https://char.iis.sinica.edu.tw/TTF/getTTF1.aspx?word=%E7%8E%8B&f=%E7%94%B2%E9%AA%A8%E6%96%87&s=200&c=black	https://char.iis.sinica.edu.tw/TTF/getTTF1.aspx?word=%E7%8E%8B&f=%E9%87%91%E6%96%87&s=200&c=black	https://char.iis.sinica.edu.tw/TTF/getTTF1.aspx?word=%E7%8E%8B&f=%E5%B0%8F%E7%AF%86&s=200&c=black	https://chardb.iis.sinica.edu.tw/search.jsp?q=%E7%8E%8B&stype=0	国王 | 王子 | 女王 | 王八	国王 | 王子 | 女王	TRUE
mono-081	开	開	kāi	khai	mở (ngoại động từ hoặc nội động từ) / (tàu thuyền, xe cộ, quân đội, v.v.) bắt đầu / bật; vận hành; hoạt động; chạy / đun sôi / viết (đơn thuốc, séc, hóa đơn, v.v.) / (bổ ngữ xu hướng) đi; rời / carat (vàng) / viết tắt của Kelvin, 開爾文|开尔文[Kai1 er3 wen2] / viết tắt của 開本|开本[kai1 ben3], khổ sách	mở (ngoại động từ hoặc nội động từ)	(tàu thuyền, xe cộ, quân đội, v.v.) bắt đầu / bật; vận hành; hoạt động; chạy / đun sôi / viết (đơn thuốc, séc, hóa đơn, v.v.) / (bổ ngữ xu hướng) đi; rời / carat (vàng) / viết tắt của Kelvin, 開爾文|开尔文[Kai1 er3 wen2] / viết tắt của 開本|开本[kai1 ben3], khổ sách	Tượng hình	Đối chiếu hình chữ cổ để nhận ra nét nghĩa gốc; ghi chú nguồn: Simplified form of 開. Pictograph of two hands opening the bolt on a door. The traditional component 門 was removed for simplification.	0	Viết theo hoạt ảnh từng nét trong ứng dụng; tuân thủ trên trước dưới, trái trước phải.	开	Thường giữ nguyên hình khi làm thành phần; có thể co hẹp theo vị trí.	5	Số đếm, Phương hướng & Khái niệm	30	TRUE	https://char.iis.sinica.edu.tw/TTF/getTTF1.aspx?word=%E5%BC%80&f=%E7%94%B2%E9%AA%A8%E6%96%87&s=200&c=black	https://char.iis.sinica.edu.tw/TTF/getTTF1.aspx?word=%E5%BC%80&f=%E9%87%91%E6%96%87&s=200&c=black	https://char.iis.sinica.edu.tw/TTF/getTTF1.aspx?word=%E5%BC%80&f=%E5%B0%8F%E7%AF%86&s=200&c=black	https://chardb.iis.sinica.edu.tw/search.jsp?q=%E5%BC%80&stype=0	开始 | 离开 | 开心 | 开发	开始 | 离开 | 开心	TRUE
mono-082	井	井	Jǐng	tỉnh	Tĩnh, một trong 28 chòm sao của thiên văn học Trung Quốc / họ [Jing3]	Tĩnh, một trong 28 chòm sao của thiên văn học Trung Quốc	họ [Jing3]	Tượng hình	Đối chiếu hình chữ cổ để nhận ra nét nghĩa gốc; ghi chú nguồn: Pictograph of a well.	0	Viết theo hoạt ảnh từng nét trong ứng dụng; tuân thủ trên trước dưới, trái trước phải.	井	Thường giữ nguyên hình khi làm thành phần; có thể co hẹp theo vị trí.	1	Tự nhiên & Vũ trụ	0	FALSE	https://char.iis.sinica.edu.tw/TTF/getTTF1.aspx?word=%E4%BA%95&f=%E7%94%B2%E9%AA%A8%E6%96%87&s=200&c=black	https://char.iis.sinica.edu.tw/TTF/getTTF1.aspx?word=%E4%BA%95&f=%E9%87%91%E6%96%87&s=200&c=black	https://char.iis.sinica.edu.tw/TTF/getTTF1.aspx?word=%E4%BA%95&f=%E5%B0%8F%E7%AF%86&s=200&c=black	https://chardb.iis.sinica.edu.tw/search.jsp?q=%E4%BA%95&stype=0	矿井 | 油井 | 井井有条 | 钻井	矿井 | 油井 | 井井有条	TRUE
mono-083	天	天	tiān	thiên	ngày / trời / thượng đế	ngày	trời / thượng đế	Tượng hình	Đối chiếu hình chữ cổ để nhận ra nét nghĩa gốc; ghi chú nguồn: Pictograph of a line above a person, representing the sky.	0	Viết theo hoạt ảnh từng nét trong ứng dụng; tuân thủ trên trước dưới, trái trước phải.	天	Thường giữ nguyên hình khi làm thành phần; có thể co hẹp theo vị trí.	1	Tự nhiên & Vũ trụ	15	TRUE	https://char.iis.sinica.edu.tw/TTF/getTTF1.aspx?word=%E5%A4%A9&f=%E7%94%B2%E9%AA%A8%E6%96%87&s=200&c=black	https://char.iis.sinica.edu.tw/TTF/getTTF1.aspx?word=%E5%A4%A9&f=%E9%87%91%E6%96%87&s=200&c=black	https://char.iis.sinica.edu.tw/TTF/getTTF1.aspx?word=%E5%A4%A9&f=%E5%B0%8F%E7%AF%86&s=200&c=black	https://chardb.iis.sinica.edu.tw/search.jsp?q=%E5%A4%A9&stype=0	今天 | 明天 | 昨天 | 每天	今天 | 明天 | 昨天	TRUE
mono-084	夫	夫	fū	phu	chồng / đàn ông / lao động chân tay / phu dịch (cổ)	chồng	đàn ông / lao động chân tay / phu dịch (cổ)	Tượng hình	Đối chiếu hình chữ cổ để nhận ra nét nghĩa gốc; ghi chú nguồn: Pictograph of a man. The top horizontal stroke is traditionally explained as a hairpin which was only worn by adults.	0	Viết theo hoạt ảnh từng nét trong ứng dụng; tuân thủ trên trước dưới, trái trước phải.	夫	Thường giữ nguyên hình khi làm thành phần; có thể co hẹp theo vị trí.	5	Số đếm, Phương hướng & Khái niệm	113	TRUE	https://char.iis.sinica.edu.tw/TTF/getTTF1.aspx?word=%E5%A4%AB&f=%E7%94%B2%E9%AA%A8%E6%96%87&s=200&c=black	https://char.iis.sinica.edu.tw/TTF/getTTF1.aspx?word=%E5%A4%AB&f=%E9%87%91%E6%96%87&s=200&c=black	https://char.iis.sinica.edu.tw/TTF/getTTF1.aspx?word=%E5%A4%AB&f=%E5%B0%8F%E7%AF%86&s=200&c=black	https://chardb.iis.sinica.edu.tw/search.jsp?q=%E5%A4%AB&stype=0	丈夫 | 夫人 | 夫妻 | 夫妇	丈夫 | 夫人 | 夫妻	TRUE
mono-085	无	無	wú	vô	không có / không / không có gì / thiếu / không- / vô- / -thiếu	không có	không / không có gì / thiếu / không- / vô- / -thiếu	Tượng hình	"Đối chiếu hình chữ cổ để nhận ra nét nghĩa gốc; ghi chú nguồn: Originally a pictograph of a person (大) dancing with ornamental leather hides (革) hanging from his arms, conveying the meaning ""dance"". Later, two feet (舛) were added to the bottom of the character to form 舞 (dance), and 無 was borrowed for its sound to represent the meaning ""not"". The simplified character 无 was adapted from the cursive form of the traditional character 無."	0	Viết theo hoạt ảnh từng nét trong ứng dụng; tuân thủ trên trước dưới, trái trước phải.	无	Thường giữ nguyên hình khi làm thành phần; có thể co hẹp theo vị trí.	5	Số đếm, Phương hướng & Khái niệm	51	TRUE	https://char.iis.sinica.edu.tw/TTF/getTTF1.aspx?word=%E6%97%A0&f=%E7%94%B2%E9%AA%A8%E6%96%87&s=200&c=black	https://char.iis.sinica.edu.tw/TTF/getTTF1.aspx?word=%E6%97%A0&f=%E9%87%91%E6%96%87&s=200&c=black	https://char.iis.sinica.edu.tw/TTF/getTTF1.aspx?word=%E6%97%A0&f=%E5%B0%8F%E7%AF%86&s=200&c=black	https://chardb.iis.sinica.edu.tw/search.jsp?q=%E6%97%A0&stype=0	无法 | 无论 | 无聊 | 毫无	无法 | 无论 | 无聊	TRUE
mono-086	专	專	zhuān	chuyên	cho một người, dịp, mục đích cụ thể / tập trung vào một việc / đặc biệt / chuyên gia / cụ thể (đối với cái gì đó) / tập trung / chuyên về	cho một người, dịp, mục đích cụ thể	tập trung vào một việc / đặc biệt / chuyên gia / cụ thể (đối với cái gì đó) / tập trung / chuyên về	Tượng hình	"Đối chiếu hình chữ cổ để nhận ra nét nghĩa gốc; ghi chú nguồn: Depicts a hand (寸) spinning a wheel (叀). Based on the original meaning ""turn"", now written as 轉. The current meaning is a phonetic loan. The simplified character 专 was adapted from the cursive form of the traditional character 專."	0	Viết theo hoạt ảnh từng nét trong ứng dụng; tuân thủ trên trước dưới, trái trước phải.	专	Thường giữ nguyên hình khi làm thành phần; có thể co hẹp theo vị trí.	5	Số đếm, Phương hướng & Khái niệm	0	FALSE	https://char.iis.sinica.edu.tw/TTF/getTTF1.aspx?word=%E4%B8%93&f=%E7%94%B2%E9%AA%A8%E6%96%87&s=200&c=black	https://char.iis.sinica.edu.tw/TTF/getTTF1.aspx?word=%E4%B8%93&f=%E9%87%91%E6%96%87&s=200&c=black	https://char.iis.sinica.edu.tw/TTF/getTTF1.aspx?word=%E4%B8%93&f=%E5%B0%8F%E7%AF%86&s=200&c=black	https://chardb.iis.sinica.edu.tw/search.jsp?q=%E4%B8%93&stype=0	专家 | 专业 | 专门 | 专辑	专家 | 专业 | 专门	TRUE
mono-087	丐	丐	gài	cái	ăn xin / người ăn xin	ăn xin	người ăn xin	Tượng hình	Đối chiếu hình chữ cổ để nhận ra nét nghĩa gốc; ghi chú nguồn: Origin unclear. Possibly depicts a beggar holding his hand out.	0	Viết theo hoạt ảnh từng nét trong ứng dụng; tuân thủ trên trước dưới, trái trước phải.	丐	Thường giữ nguyên hình khi làm thành phần; có thể co hẹp theo vị trí.	5	Số đếm, Phương hướng & Khái niệm	0	FALSE	https://char.iis.sinica.edu.tw/TTF/getTTF1.aspx?word=%E4%B8%90&f=%E7%94%B2%E9%AA%A8%E6%96%87&s=200&c=black	https://char.iis.sinica.edu.tw/TTF/getTTF1.aspx?word=%E4%B8%90&f=%E9%87%91%E6%96%87&s=200&c=black	https://char.iis.sinica.edu.tw/TTF/getTTF1.aspx?word=%E4%B8%90&f=%E5%B0%8F%E7%AF%86&s=200&c=black	https://chardb.iis.sinica.edu.tw/search.jsp?q=%E4%B8%90&stype=0	乞丐 | 丐帮	乞丐 | 丐帮	TRUE
mono-088	木	木	Mù	mộc	họ [Mu4]	họ [Mu4]		Tượng hình	Đối chiếu hình chữ cổ để nhận ra nét nghĩa gốc; ghi chú nguồn: Pictograph of a tree.	0	Viết theo hoạt ảnh từng nét trong ứng dụng; tuân thủ trên trước dưới, trái trước phải.	木	Thường giữ nguyên hình khi làm thành phần; có thể co hẹp theo vị trí.	3	Động vật & Thực vật	118	TRUE	https://char.iis.sinica.edu.tw/TTF/getTTF1.aspx?word=%E6%9C%A8&f=%E7%94%B2%E9%AA%A8%E6%96%87&s=200&c=black	https://char.iis.sinica.edu.tw/TTF/getTTF1.aspx?word=%E6%9C%A8&f=%E9%87%91%E6%96%87&s=200&c=black	https://char.iis.sinica.edu.tw/TTF/getTTF1.aspx?word=%E6%9C%A8&f=%E5%B0%8F%E7%AF%86&s=200&c=black	https://chardb.iis.sinica.edu.tw/search.jsp?q=%E6%9C%A8&stype=0	木头 | 木偶 | 树木 | 麻木	木头 | 木偶 | 树木	TRUE
mono-089	五	五	wǔ	ngũ	năm / 5	năm	5	Chỉ sự/độc thể	Đối chiếu hình chữ cổ để nhận ra nét nghĩa gốc; ghi chú nguồn: Origin unclear. Originally an X between two lines.	0	Viết theo hoạt ảnh từng nét trong ứng dụng; tuân thủ trên trước dưới, trái trước phải.	五	Thường giữ nguyên hình khi làm thành phần; có thể co hẹp theo vị trí.	5	Số đếm, Phương hướng & Khái niệm	56	TRUE	https://char.iis.sinica.edu.tw/TTF/getTTF1.aspx?word=%E4%BA%94&f=%E7%94%B2%E9%AA%A8%E6%96%87&s=200&c=black	https://char.iis.sinica.edu.tw/TTF/getTTF1.aspx?word=%E4%BA%94&f=%E9%87%91%E6%96%87&s=200&c=black	https://char.iis.sinica.edu.tw/TTF/getTTF1.aspx?word=%E4%BA%94&f=%E5%B0%8F%E7%AF%86&s=200&c=black	https://chardb.iis.sinica.edu.tw/search.jsp?q=%E4%BA%94&stype=0	周五 | 五月 | 星期五 | 第五	周五 | 五月 | 星期五	TRUE
mono-090	不	不	bù	bất	không; không phải / (hình thức kết hợp) không; bất-	không; không phải	(hình thức kết hợp) không; bất-	Tượng hình	"Đối chiếu hình chữ cổ để nhận ra nét nghĩa gốc; ghi chú nguồn: Pictograph of sepals of a flower. The meaning ""no"" is a phonetic loan."	0	Viết theo hoạt ảnh từng nét trong ứng dụng; tuân thủ trên trước dưới, trái trước phải.	不	Thường giữ nguyên hình khi làm thành phần; có thể co hẹp theo vị trí.	5	Số đếm, Phương hướng & Khái niệm	2	TRUE	https://char.iis.sinica.edu.tw/TTF/getTTF1.aspx?word=%E4%B8%8D&f=%E7%94%B2%E9%AA%A8%E6%96%87&s=200&c=black	https://char.iis.sinica.edu.tw/TTF/getTTF1.aspx?word=%E4%B8%8D&f=%E9%87%91%E6%96%87&s=200&c=black	https://char.iis.sinica.edu.tw/TTF/getTTF1.aspx?word=%E4%B8%8D&f=%E5%B0%8F%E7%AF%86&s=200&c=black	https://chardb.iis.sinica.edu.tw/search.jsp?q=%E4%B8%8D&stype=0	不是 | 不过 | 不要 | 不能	不是 | 不过 | 不要	TRUE
mono-091	犬	犬	quǎn	khuyển	chó / bộ Khang Hy số 94	chó	bộ Khang Hy số 94	Tượng hình	Đối chiếu hình chữ cổ để nhận ra nét nghĩa gốc; ghi chú nguồn: Pictograph of a dog.	0	Viết theo hoạt ảnh từng nét trong ứng dụng; tuân thủ trên trước dưới, trái trước phải.	犭	Khi làm thành phần chữ ghép thường biến thành 犭.	3	Động vật & Thực vật	0	FALSE	https://char.iis.sinica.edu.tw/TTF/getTTF1.aspx?word=%E7%8A%AC&f=%E7%94%B2%E9%AA%A8%E6%96%87&s=200&c=black	https://char.iis.sinica.edu.tw/TTF/getTTF1.aspx?word=%E7%8A%AC&f=%E9%87%91%E6%96%87&s=200&c=black	https://char.iis.sinica.edu.tw/TTF/getTTF1.aspx?word=%E7%8A%AC&f=%E5%B0%8F%E7%AF%86&s=200&c=black	https://chardb.iis.sinica.edu.tw/search.jsp?q=%E7%8A%AC&stype=0	猎犬 | 狂犬病 | 警犬 | 牧羊犬	猎犬 | 狂犬病 | 警犬	TRUE
mono-092	太	太	tài	thái	cao nhất / vĩ đại / quá (nhiều) / rất / cực kỳ	cao nhất	vĩ đại / quá (nhiều) / rất / cực kỳ	Chỉ sự/độc thể	"Đối chiếu hình chữ cổ để nhận ra nét nghĩa gốc; ghi chú nguồn: Addition of a dot to 大 (dà; big) to mean ""very"" or ""extremely""."	0	Viết theo hoạt ảnh từng nét trong ứng dụng; tuân thủ trên trước dưới, trái trước phải.	太	Thường giữ nguyên hình khi làm thành phần; có thể co hẹp theo vị trí.	5	Số đếm, Phương hướng & Khái niệm	10	TRUE	https://char.iis.sinica.edu.tw/TTF/getTTF1.aspx?word=%E5%A4%AA&f=%E7%94%B2%E9%AA%A8%E6%96%87&s=200&c=black	https://char.iis.sinica.edu.tw/TTF/getTTF1.aspx?word=%E5%A4%AA&f=%E9%87%91%E6%96%87&s=200&c=black	https://char.iis.sinica.edu.tw/TTF/getTTF1.aspx?word=%E5%A4%AA&f=%E5%B0%8F%E7%AF%86&s=200&c=black	https://chardb.iis.sinica.edu.tw/search.jsp?q=%E5%A4%AA&stype=0	太阳 | 太太 | 太空 | 犹太人	太阳 | 太太 | 太空	TRUE
mono-093	歹	歹	dǎi	ngạt	xấu / độc ác / tà ác / bộ Khang Hy số 78	xấu	độc ác / tà ác / bộ Khang Hy số 78	Chỉ sự/độc thể	Đối chiếu hình chữ cổ để nhận ra nét nghĩa gốc; ghi chú nguồn: Origin unclear. Possibly represents remnants from a carcass.	0	Viết theo hoạt ảnh từng nét trong ứng dụng; tuân thủ trên trước dưới, trái trước phải.	歹	Thường giữ nguyên hình khi làm thành phần; có thể co hẹp theo vị trí.	5	Số đếm, Phương hướng & Khái niệm	0	FALSE	https://char.iis.sinica.edu.tw/TTF/getTTF1.aspx?word=%E6%AD%B9&f=%E7%94%B2%E9%AA%A8%E6%96%87&s=200&c=black	https://char.iis.sinica.edu.tw/TTF/getTTF1.aspx?word=%E6%AD%B9&f=%E9%87%91%E6%96%87&s=200&c=black	https://char.iis.sinica.edu.tw/TTF/getTTF1.aspx?word=%E6%AD%B9&f=%E5%B0%8F%E7%AF%86&s=200&c=black	https://chardb.iis.sinica.edu.tw/search.jsp?q=%E6%AD%B9&stype=0	歹徒 | 好歹 | 为非作歹 | 歹毒	歹徒 | 好歹 | 为非作歹	TRUE
mono-094	尤	尤	Yóu	vưu	họ [You2]	họ [You2]		Tượng hình	"Đối chiếu hình chữ cổ để nhận ra nét nghĩa gốc; ghi chú nguồn: Pictograph of a hand with a wart on it. The current meaning ""especially"" is a phonetic loan. The original meaning ""wart"" is now written as 疣."	0	Viết theo hoạt ảnh từng nét trong ứng dụng; tuân thủ trên trước dưới, trái trước phải.	尤	Thường giữ nguyên hình khi làm thành phần; có thể co hẹp theo vị trí.	5	Số đếm, Phương hướng & Khái niệm	0	FALSE	https://char.iis.sinica.edu.tw/TTF/getTTF1.aspx?word=%E5%B0%A4&f=%E7%94%B2%E9%AA%A8%E6%96%87&s=200&c=black	https://char.iis.sinica.edu.tw/TTF/getTTF1.aspx?word=%E5%B0%A4&f=%E9%87%91%E6%96%87&s=200&c=black	https://char.iis.sinica.edu.tw/TTF/getTTF1.aspx?word=%E5%B0%A4&f=%E5%B0%8F%E7%AF%86&s=200&c=black	https://chardb.iis.sinica.edu.tw/search.jsp?q=%E5%B0%A4&stype=0	尤其 | 尤其是 | 尤为 | 尤物	尤其 | 尤其是 | 尤为	TRUE
mono-095	车	車	Chē	xa	họ [Che1]	họ [Che1]		Tượng hình	Đối chiếu hình chữ cổ để nhận ra nét nghĩa gốc; ghi chú nguồn: Pictograph of a chariot. The simplified character 车 was adapted from the cursive form of the traditional character 車.	0	Viết theo hoạt ảnh từng nét trong ứng dụng; tuân thủ trên trước dưới, trái trước phải.	车	Thường giữ nguyên hình khi làm thành phần; có thể co hẹp theo vị trí.	4	Đồ vật & Công cụ	31	TRUE	https://char.iis.sinica.edu.tw/TTF/getTTF1.aspx?word=%E8%BD%A6&f=%E7%94%B2%E9%AA%A8%E6%96%87&s=200&c=black	https://char.iis.sinica.edu.tw/TTF/getTTF1.aspx?word=%E8%BD%A6&f=%E9%87%91%E6%96%87&s=200&c=black	https://char.iis.sinica.edu.tw/TTF/getTTF1.aspx?word=%E8%BD%A6&f=%E5%B0%8F%E7%AF%86&s=200&c=black	https://chardb.iis.sinica.edu.tw/search.jsp?q=%E8%BD%A6&stype=0	汽车 | 车辆 | 开车 | 出租车	汽车 | 车辆 | 开车	TRUE
mono-096	巨	巨	jù	cự	rất lớn; khổng lồ; to lớn; kếch xù	rất lớn; khổng lồ; to lớn; kếch xù		Tượng hình	"Đối chiếu hình chữ cổ để nhận ra nét nghĩa gốc; ghi chú nguồn: Pictograph of a carpenter's square, a tool for measuring right angles. Based on the original meaning ""carpenter's square"", now written as 矩. The current meaning is a phonetic loan."	0	Viết theo hoạt ảnh từng nét trong ứng dụng; tuân thủ trên trước dưới, trái trước phải.	巨	Thường giữ nguyên hình khi làm thành phần; có thể co hẹp theo vị trí.	5	Số đếm, Phương hướng & Khái niệm	0	FALSE	https://char.iis.sinica.edu.tw/TTF/getTTF1.aspx?word=%E5%B7%A8&f=%E7%94%B2%E9%AA%A8%E6%96%87&s=200&c=black	https://char.iis.sinica.edu.tw/TTF/getTTF1.aspx?word=%E5%B7%A8&f=%E9%87%91%E6%96%87&s=200&c=black	https://char.iis.sinica.edu.tw/TTF/getTTF1.aspx?word=%E5%B7%A8&f=%E5%B0%8F%E7%AF%86&s=200&c=black	https://chardb.iis.sinica.edu.tw/search.jsp?q=%E5%B7%A8&stype=0	巨大 | 巨人 | 巨星 | 巨蟹座	巨大 | 巨人 | 巨星	TRUE
mono-097	牙	牙	yá	nha	răng / ngà / LT:顆|颗[ke1]	răng	ngà / LT:顆|颗[ke1]	Tượng hình	Đối chiếu hình chữ cổ để nhận ra nét nghĩa gốc; ghi chú nguồn: Pictograph of teeth.	0	Viết theo hoạt ảnh từng nét trong ứng dụng; tuân thủ trên trước dưới, trái trước phải.	牙	Thường giữ nguyên hình khi làm thành phần; có thể co hẹp theo vị trí.	2	Con người & Cơ thể	110	TRUE	https://char.iis.sinica.edu.tw/TTF/getTTF1.aspx?word=%E7%89%99&f=%E7%94%B2%E9%AA%A8%E6%96%87&s=200&c=black	https://char.iis.sinica.edu.tw/TTF/getTTF1.aspx?word=%E7%89%99&f=%E9%87%91%E6%96%87&s=200&c=black	https://char.iis.sinica.edu.tw/TTF/getTTF1.aspx?word=%E7%89%99&f=%E5%B0%8F%E7%AF%86&s=200&c=black	https://chardb.iis.sinica.edu.tw/search.jsp?q=%E7%89%99&stype=0	西班牙 | 牙齿 | 西班牙语 | 牙医	西班牙 | 牙齿 | 西班牙语	TRUE
mono-098	屯	屯	tún	truân	đóng quân / tích trữ / thôn làng	đóng quân	tích trữ / thôn làng	Chỉ sự/độc thể	Đối chiếu hình chữ cổ để nhận ra nét nghĩa gốc; ghi chú nguồn: Origin unclear.	0	Viết theo hoạt ảnh từng nét trong ứng dụng; tuân thủ trên trước dưới, trái trước phải.	屯	Thường giữ nguyên hình khi làm thành phần; có thể co hẹp theo vị trí.	5	Số đếm, Phương hướng & Khái niệm	0	FALSE	https://char.iis.sinica.edu.tw/TTF/getTTF1.aspx?word=%E5%B1%AF&f=%E7%94%B2%E9%AA%A8%E6%96%87&s=200&c=black	https://char.iis.sinica.edu.tw/TTF/getTTF1.aspx?word=%E5%B1%AF&f=%E9%87%91%E6%96%87&s=200&c=black	https://char.iis.sinica.edu.tw/TTF/getTTF1.aspx?word=%E5%B1%AF&f=%E5%B0%8F%E7%AF%86&s=200&c=black	https://chardb.iis.sinica.edu.tw/search.jsp?q=%E5%B1%AF&stype=0	三里屯 | 屯溪 | 奎屯 | 苏家屯区	三里屯 | 屯溪 | 奎屯	TRUE
mono-099	戈	戈	Gē	qua	họ [Ge1]	họ [Ge1]		Tượng hình	Đối chiếu hình chữ cổ để nhận ra nét nghĩa gốc; ghi chú nguồn: Pictograph of a weapon with a long shaft and horizontal blade.	0	Viết theo hoạt ảnh từng nét trong ứng dụng; tuân thủ trên trước dưới, trái trước phải.	戈	Thường giữ nguyên hình khi làm thành phần; có thể co hẹp theo vị trí.	4	Đồ vật & Công cụ	0	FALSE	https://char.iis.sinica.edu.tw/TTF/getTTF1.aspx?word=%E6%88%88&f=%E7%94%B2%E9%AA%A8%E6%96%87&s=200&c=black	https://char.iis.sinica.edu.tw/TTF/getTTF1.aspx?word=%E6%88%88&f=%E9%87%91%E6%96%87&s=200&c=black	https://char.iis.sinica.edu.tw/TTF/getTTF1.aspx?word=%E6%88%88&f=%E5%B0%8F%E7%AF%86&s=200&c=black	https://chardb.iis.sinica.edu.tw/search.jsp?q=%E6%88%88&stype=0	探戈 | 戈壁 | 戈尔巴乔夫 | 戈尔	探戈 | 戈壁 | 戈尔巴乔夫	TRUE
mono-100	互	互	hù	hỗ	lẫn nhau	lẫn nhau		Tượng hình	Đối chiếu hình chữ cổ để nhận ra nét nghĩa gốc; ghi chú nguồn: Depicts two symmetric figures facing each other.	0	Viết theo hoạt ảnh từng nét trong ứng dụng; tuân thủ trên trước dưới, trái trước phải.	互	Thường giữ nguyên hình khi làm thành phần; có thể co hẹp theo vị trí.	5	Số đếm, Phương hướng & Khái niệm	0	FALSE	https://char.iis.sinica.edu.tw/TTF/getTTF1.aspx?word=%E4%BA%92&f=%E7%94%B2%E9%AA%A8%E6%96%87&s=200&c=black	https://char.iis.sinica.edu.tw/TTF/getTTF1.aspx?word=%E4%BA%92&f=%E9%87%91%E6%96%87&s=200&c=black	https://char.iis.sinica.edu.tw/TTF/getTTF1.aspx?word=%E4%BA%92&f=%E5%B0%8F%E7%AF%86&s=200&c=black	https://chardb.iis.sinica.edu.tw/search.jsp?q=%E4%BA%92&stype=0	互相 | 相互 | 互联网 | 互动	互相 | 相互 | 互联网	TRUE
mono-101	瓦	瓦	wǎ	ngói	ngói lợp / viết tắt cho 瓦特[wa3 te4]	ngói lợp	viết tắt cho 瓦特[wa3 te4]	Tượng hình	Đối chiếu hình chữ cổ để nhận ra nét nghĩa gốc; ghi chú nguồn: Pictograph of a tool for making pottery.	0	Viết theo hoạt ảnh từng nét trong ứng dụng; tuân thủ trên trước dưới, trái trước phải.	瓦	Thường giữ nguyên hình khi làm thành phần; có thể co hẹp theo vị trí.	4	Đồ vật & Công cụ	0	FALSE	https://char.iis.sinica.edu.tw/TTF/getTTF1.aspx?word=%E7%93%A6&f=%E7%94%B2%E9%AA%A8%E6%96%87&s=200&c=black	https://char.iis.sinica.edu.tw/TTF/getTTF1.aspx?word=%E7%93%A6&f=%E9%87%91%E6%96%87&s=200&c=black	https://char.iis.sinica.edu.tw/TTF/getTTF1.aspx?word=%E7%93%A6&f=%E5%B0%8F%E7%AF%86&s=200&c=black	https://chardb.iis.sinica.edu.tw/search.jsp?q=%E7%93%A6&stype=0	千瓦 | 瓦斯 | 日内瓦 | 瓦解	千瓦 | 瓦斯 | 日内瓦	TRUE
mono-102	亓	亓	Qí	kỳ	họ [Qi2]	họ [Qi2]		Chỉ sự/độc thể	Dạng chữ độc thể; đối chiếu Giáp Cốt văn, Kim văn và Tiểu Triện ở chuỗi hình bên cạnh.	0	Viết theo hoạt ảnh từng nét trong ứng dụng; tuân thủ trên trước dưới, trái trước phải.	亓	Thường giữ nguyên hình khi làm thành phần; có thể co hẹp theo vị trí.	5	Số đếm, Phương hướng & Khái niệm	0	FALSE	https://char.iis.sinica.edu.tw/TTF/getTTF1.aspx?word=%E4%BA%93&f=%E7%94%B2%E9%AA%A8%E6%96%87&s=200&c=black	https://char.iis.sinica.edu.tw/TTF/getTTF1.aspx?word=%E4%BA%93&f=%E9%87%91%E6%96%87&s=200&c=black	https://char.iis.sinica.edu.tw/TTF/getTTF1.aspx?word=%E4%BA%93&f=%E5%B0%8F%E7%AF%86&s=200&c=black	https://chardb.iis.sinica.edu.tw/search.jsp?q=%E4%BA%93&stype=0			TRUE
mono-103	韦	韋	Wéi	vi	họ [Wei2]	họ [Wei2]		Tượng hình	"Đối chiếu hình chữ cổ để nhận ra nét nghĩa gốc; ghi chú nguồn: Simplified form of 韋. Pictograph of two feet walking around city walls. The character is based on the original meaning ""to surround"", which is unrelated to the modern meaning."	0	Viết theo hoạt ảnh từng nét trong ứng dụng; tuân thủ trên trước dưới, trái trước phải.	韦	Thường giữ nguyên hình khi làm thành phần; có thể co hẹp theo vị trí.	5	Số đếm, Phương hướng & Khái niệm	0	FALSE	https://char.iis.sinica.edu.tw/TTF/getTTF1.aspx?word=%E9%9F%A6&f=%E7%94%B2%E9%AA%A8%E6%96%87&s=200&c=black	https://char.iis.sinica.edu.tw/TTF/getTTF1.aspx?word=%E9%9F%A6&f=%E9%87%91%E6%96%87&s=200&c=black	https://char.iis.sinica.edu.tw/TTF/getTTF1.aspx?word=%E9%9F%A6&f=%E5%B0%8F%E7%AF%86&s=200&c=black	https://chardb.iis.sinica.edu.tw/search.jsp?q=%E9%9F%A6&stype=0	韦德 | 韦伯 | 查韦斯 | 津巴布韦	韦德 | 韦伯 | 查韦斯	TRUE
mono-104	廿	廿	niàn	nhập	hai mươi	hai mươi		Chỉ sự/độc thể	Đối chiếu hình chữ cổ để nhận ra nét nghĩa gốc; ghi chú nguồn: Two vertical lines, representing two sets of ten.	0	Viết theo hoạt ảnh từng nét trong ứng dụng; tuân thủ trên trước dưới, trái trước phải.	廿	Thường giữ nguyên hình khi làm thành phần; có thể co hẹp theo vị trí.	5	Số đếm, Phương hướng & Khái niệm	0	FALSE	https://char.iis.sinica.edu.tw/TTF/getTTF1.aspx?word=%E5%BB%BF&f=%E7%94%B2%E9%AA%A8%E6%96%87&s=200&c=black	https://char.iis.sinica.edu.tw/TTF/getTTF1.aspx?word=%E5%BB%BF&f=%E9%87%91%E6%96%87&s=200&c=black	https://char.iis.sinica.edu.tw/TTF/getTTF1.aspx?word=%E5%BB%BF&f=%E5%B0%8F%E7%AF%86&s=200&c=black	https://chardb.iis.sinica.edu.tw/search.jsp?q=%E5%BB%BF&stype=0			TRUE
mono-105	卅	卅	sà	tạp	ba mươi	ba mươi		Chỉ sự/độc thể	Đối chiếu hình chữ cổ để nhận ra nét nghĩa gốc; ghi chú nguồn: Three vertical lines, representing three sets of ten.	0	Viết theo hoạt ảnh từng nét trong ứng dụng; tuân thủ trên trước dưới, trái trước phải.	卅	Thường giữ nguyên hình khi làm thành phần; có thể co hẹp theo vị trí.	5	Số đếm, Phương hướng & Khái niệm	0	FALSE	https://char.iis.sinica.edu.tw/TTF/getTTF1.aspx?word=%E5%8D%85&f=%E7%94%B2%E9%AA%A8%E6%96%87&s=200&c=black	https://char.iis.sinica.edu.tw/TTF/getTTF1.aspx?word=%E5%8D%85&f=%E9%87%91%E6%96%87&s=200&c=black	https://char.iis.sinica.edu.tw/TTF/getTTF1.aspx?word=%E5%8D%85&f=%E5%B0%8F%E7%AF%86&s=200&c=black	https://chardb.iis.sinica.edu.tw/search.jsp?q=%E5%8D%85&stype=0	五卅运动	五卅运动	TRUE
mono-106	止	止	zhǐ	chỉ	dừng / cấm / cho đến / chỉ	dừng	cấm / cho đến / chỉ	Tượng hình	"Đối chiếu hình chữ cổ để nhận ra nét nghĩa gốc; ghi chú nguồn: Pictograph of a foot. The meaning of this character has shifted over time and now means ""stop""."	0	Viết theo hoạt ảnh từng nét trong ứng dụng; tuân thủ trên trước dưới, trái trước phải.	止	Thường giữ nguyên hình khi làm thành phần; có thể co hẹp theo vị trí.	5	Số đếm, Phương hướng & Khái niệm	128	TRUE	https://char.iis.sinica.edu.tw/TTF/getTTF1.aspx?word=%E6%AD%A2&f=%E7%94%B2%E9%AA%A8%E6%96%87&s=200&c=black	https://char.iis.sinica.edu.tw/TTF/getTTF1.aspx?word=%E6%AD%A2&f=%E9%87%91%E6%96%87&s=200&c=black	https://char.iis.sinica.edu.tw/TTF/getTTF1.aspx?word=%E6%AD%A2&f=%E5%B0%8F%E7%AF%86&s=200&c=black	https://chardb.iis.sinica.edu.tw/search.jsp?q=%E6%AD%A2&stype=0	阻止 | 停止 | 为止 | 防止	阻止 | 停止 | 为止	TRUE
mono-107	少	少	shǎo	thiểu	ít / hơn / thiếu / mất / ngừng (làm gì đó) / hiếm khi	ít	hơn / thiếu / mất / ngừng (làm gì đó) / hiếm khi	Tượng hình	"Đối chiếu hình chữ cổ để nhận ra nét nghĩa gốc; ghi chú nguồn: Pictograph of four small dots, representing grains of sand or rice, to convey the meaning ""less"". Similar to 小."	0	Viết theo hoạt ảnh từng nét trong ứng dụng; tuân thủ trên trước dưới, trái trước phải.	少	Thường giữ nguyên hình khi làm thành phần; có thể co hẹp theo vị trí.	5	Số đếm, Phương hướng & Khái niệm	60	TRUE	https://char.iis.sinica.edu.tw/TTF/getTTF1.aspx?word=%E5%B0%91&f=%E7%94%B2%E9%AA%A8%E6%96%87&s=200&c=black	https://char.iis.sinica.edu.tw/TTF/getTTF1.aspx?word=%E5%B0%91&f=%E9%87%91%E6%96%87&s=200&c=black	https://char.iis.sinica.edu.tw/TTF/getTTF1.aspx?word=%E5%B0%91&f=%E5%B0%8F%E7%AF%86&s=200&c=black	https://chardb.iis.sinica.edu.tw/search.jsp?q=%E5%B0%91&stype=0	多少 | 至少 | 不少 | 减少	多少 | 至少 | 不少	TRUE
mono-108	曰	曰	yuē	viết	nói / phát biểu	nói	phát biểu	Tượng hình	Đối chiếu hình chữ cổ để nhận ra nét nghĩa gốc; ghi chú nguồn: Pictograph of a line, representing speech, coming out of a mouth (口).	0	Viết theo hoạt ảnh từng nét trong ứng dụng; tuân thủ trên trước dưới, trái trước phải.	曰	Thường giữ nguyên hình khi làm thành phần; có thể co hẹp theo vị trí.	5	Số đếm, Phương hướng & Khái niệm	0	FALSE	https://char.iis.sinica.edu.tw/TTF/getTTF1.aspx?word=%E6%9B%B0&f=%E7%94%B2%E9%AA%A8%E6%96%87&s=200&c=black	https://char.iis.sinica.edu.tw/TTF/getTTF1.aspx?word=%E6%9B%B0&f=%E9%87%91%E6%96%87&s=200&c=black	https://char.iis.sinica.edu.tw/TTF/getTTF1.aspx?word=%E6%9B%B0&f=%E5%B0%8F%E7%AF%86&s=200&c=black	https://chardb.iis.sinica.edu.tw/search.jsp?q=%E6%9B%B0&stype=0	美其名曰 | 子曰 | 诗曰	美其名曰 | 子曰 | 诗曰	TRUE
mono-109	日	日	Rì	nhật	viết tắt của 日本[Ri4 ben3], Nhật Bản	viết tắt của 日本[Ri4 ben3], Nhật Bản		Tượng hình	Đối chiếu hình chữ cổ để nhận ra nét nghĩa gốc; ghi chú nguồn: Pictograph of the sun.	0	Viết theo hoạt ảnh từng nét trong ứng dụng; tuân thủ trên trước dưới, trái trước phải.	日	Thường giữ nguyên hình khi làm thành phần; có thể co hẹp theo vị trí.	1	Tự nhiên & Vũ trụ	70	TRUE	https://char.iis.sinica.edu.tw/TTF/getTTF1.aspx?word=%E6%97%A5&f=%E7%94%B2%E9%AA%A8%E6%96%87&s=200&c=black	https://char.iis.sinica.edu.tw/TTF/getTTF1.aspx?word=%E6%97%A5&f=%E9%87%91%E6%96%87&s=200&c=black	https://char.iis.sinica.edu.tw/TTF/getTTF1.aspx?word=%E6%97%A5&f=%E5%B0%8F%E7%AF%86&s=200&c=black	https://chardb.iis.sinica.edu.tw/search.jsp?q=%E6%97%A5&stype=0	生日 | 日子 | 日本 | 昨日	生日 | 日子 | 日本	TRUE
mono-110	中	中	Zhōng	trung	(hình thức kết hợp) Trung Quốc; tiếng Trung / họ [Zhong1]	(hình thức kết hợp) Trung Quốc; tiếng Trung	họ [Zhong1]	Chỉ sự/độc thể	"Đối chiếu hình chữ cổ để nhận ra nét nghĩa gốc; ghi chú nguồn: A line passing through the middle of a box, representing the meaning ""middle""."	0	Viết theo hoạt ảnh từng nét trong ứng dụng; tuân thủ trên trước dưới, trái trước phải.	中	Thường giữ nguyên hình khi làm thành phần; có thể co hẹp theo vị trí.	5	Số đếm, Phương hướng & Khái niệm	26	TRUE	https://char.iis.sinica.edu.tw/TTF/getTTF1.aspx?word=%E4%B8%AD&f=%E7%94%B2%E9%AA%A8%E6%96%87&s=200&c=black	https://char.iis.sinica.edu.tw/TTF/getTTF1.aspx?word=%E4%B8%AD&f=%E9%87%91%E6%96%87&s=200&c=black	https://char.iis.sinica.edu.tw/TTF/getTTF1.aspx?word=%E4%B8%AD&f=%E5%B0%8F%E7%AF%86&s=200&c=black	https://chardb.iis.sinica.edu.tw/search.jsp?q=%E4%B8%AD&stype=0	中国 | 其中 | 中心 | 集中	中国 | 其中 | 中心	TRUE
mono-111	贝	貝	Bèi	buổi	họ [Bei4]	họ [Bei4]		Tượng hình	Đối chiếu hình chữ cổ để nhận ra nét nghĩa gốc; ghi chú nguồn: Simplified form of 貝. Pictograph of a cowrie shell. In ancient China such shells were used as currency.	0	Viết theo hoạt ảnh từng nét trong ứng dụng; tuân thủ trên trước dưới, trái trước phải.	贝	Thường giữ nguyên hình khi làm thành phần; có thể co hẹp theo vị trí.	3	Động vật & Thực vật	0	FALSE	https://char.iis.sinica.edu.tw/TTF/getTTF1.aspx?word=%E8%B4%9D&f=%E7%94%B2%E9%AA%A8%E6%96%87&s=200&c=black	https://char.iis.sinica.edu.tw/TTF/getTTF1.aspx?word=%E8%B4%9D&f=%E9%87%91%E6%96%87&s=200&c=black	https://char.iis.sinica.edu.tw/TTF/getTTF1.aspx?word=%E8%B4%9D&f=%E5%B0%8F%E7%AF%86&s=200&c=black	https://chardb.iis.sinica.edu.tw/search.jsp?q=%E8%B4%9D&stype=0	宝贝 | 贝尔 | 诺贝尔 | 小贝	宝贝 | 贝尔 | 诺贝尔	TRUE
mono-112	内	內	nèi	nội	bên trong / nội bộ / trong / nội địa	bên trong	nội bộ / trong / nội địa	Tượng hình	Đối chiếu hình chữ cổ để nhận ra nét nghĩa gốc; ghi chú nguồn: Simplified form of 內. Depicts an entrance (入) to a hall (冂).	0	Viết theo hoạt ảnh từng nét trong ứng dụng; tuân thủ trên trước dưới, trái trước phải.	内	Thường giữ nguyên hình khi làm thành phần; có thể co hẹp theo vị trí.	5	Số đếm, Phương hướng & Khái niệm	54	TRUE	https://char.iis.sinica.edu.tw/TTF/getTTF1.aspx?word=%E5%86%85&f=%E7%94%B2%E9%AA%A8%E6%96%87&s=200&c=black	https://char.iis.sinica.edu.tw/TTF/getTTF1.aspx?word=%E5%86%85&f=%E9%87%91%E6%96%87&s=200&c=black	https://char.iis.sinica.edu.tw/TTF/getTTF1.aspx?word=%E5%86%85&f=%E5%B0%8F%E7%AF%86&s=200&c=black	https://chardb.iis.sinica.edu.tw/search.jsp?q=%E5%86%85&stype=0	内容 | 国内 | 内心 | 内部	内容 | 国内 | 内心	TRUE
mono-113	水	水	Shuǐ	héo / thuỷ	họ [Shui3]	họ [Shui3]		Tượng hình	Đối chiếu hình chữ cổ để nhận ra nét nghĩa gốc; ghi chú nguồn: Pictograph of a river.	0	Viết theo hoạt ảnh từng nét trong ứng dụng; tuân thủ trên trước dưới, trái trước phải.	氵	Khi làm thành phần chữ ghép thường biến thành 氵.	1	Tự nhiên & Vũ trụ	47	TRUE	https://char.iis.sinica.edu.tw/TTF/getTTF1.aspx?word=%E6%B0%B4&f=%E7%94%B2%E9%AA%A8%E6%96%87&s=200&c=black	https://char.iis.sinica.edu.tw/TTF/getTTF1.aspx?word=%E6%B0%B4&f=%E9%87%91%E6%96%87&s=200&c=black	https://char.iis.sinica.edu.tw/TTF/getTTF1.aspx?word=%E6%B0%B4&f=%E5%B0%8F%E7%AF%86&s=200&c=black	https://chardb.iis.sinica.edu.tw/search.jsp?q=%E6%B0%B4&stype=0	水平 | 水果 | 薪水 | 香水	水平 | 水果 | 薪水	TRUE
mono-114	见	見	jiàn	kiến	thấy / gặp / dường như / phỏng vấn / ý kiến / quan điểm	thấy	gặp / dường như / phỏng vấn / ý kiến / quan điểm	Tượng hình	Đối chiếu hình chữ cổ để nhận ra nét nghĩa gốc; ghi chú nguồn: Simplified form of 見. Pictograph of a person (卩) using their eye (目) to see (見).	0	Viết theo hoạt ảnh từng nét trong ứng dụng; tuân thủ trên trước dưới, trái trước phải.	见	Thường giữ nguyên hình khi làm thành phần; có thể co hẹp theo vị trí.	5	Số đếm, Phương hướng & Khái niệm	29	TRUE	https://char.iis.sinica.edu.tw/TTF/getTTF1.aspx?word=%E8%A7%81&f=%E7%94%B2%E9%AA%A8%E6%96%87&s=200&c=black	https://char.iis.sinica.edu.tw/TTF/getTTF1.aspx?word=%E8%A7%81&f=%E9%87%91%E6%96%87&s=200&c=black	https://char.iis.sinica.edu.tw/TTF/getTTF1.aspx?word=%E8%A7%81&f=%E5%B0%8F%E7%AF%86&s=200&c=black	https://chardb.iis.sinica.edu.tw/search.jsp?q=%E8%A7%81&stype=0	看见 | 意见 | 再见 | 见到	看见 | 意见 | 再见	TRUE
mono-115	午	午	wǔ	ngọ	địa chi thứ 7: 11 giờ sáng-1 giờ chiều, buổi trưa, tháng âm lịch thứ 5 (6 tháng 6-6 tháng 7), năm Ngọ / hướng la bàn cổ đại Trung Quốc: 180° (nam)	địa chi thứ 7: 11 giờ sáng-1 giờ chiều, buổi trưa, tháng âm lịch thứ 5 (6 tháng 6-6 tháng 7), năm Ngọ	hướng la bàn cổ đại Trung Quốc: 180° (nam)	Tượng hình	"Đối chiếu hình chữ cổ để nhận ra nét nghĩa gốc; ghi chú nguồn: Pictograph of a pestle used for pounding rice, now written as 杵. The current meaning ""noon"" is a phonetic loan."	0	Viết theo hoạt ảnh từng nét trong ứng dụng; tuân thủ trên trước dưới, trái trước phải.	午	Thường giữ nguyên hình khi làm thành phần; có thể co hẹp theo vị trí.	5	Số đếm, Phương hướng & Khái niệm	0	FALSE	https://char.iis.sinica.edu.tw/TTF/getTTF1.aspx?word=%E5%8D%88&f=%E7%94%B2%E9%AA%A8%E6%96%87&s=200&c=black	https://char.iis.sinica.edu.tw/TTF/getTTF1.aspx?word=%E5%8D%88&f=%E9%87%91%E6%96%87&s=200&c=black	https://char.iis.sinica.edu.tw/TTF/getTTF1.aspx?word=%E5%8D%88&f=%E5%B0%8F%E7%AF%86&s=200&c=black	https://chardb.iis.sinica.edu.tw/search.jsp?q=%E5%8D%88&stype=0	下午 | 上午 | 中午 | 午餐	下午 | 上午 | 中午	TRUE
mono-116	牛	牛	Niú	ngưu	họ [Niu2]	họ [Niu2]		Tượng hình	Đối chiếu hình chữ cổ để nhận ra nét nghĩa gốc; ghi chú nguồn: Pictograph of the head of a cow.	0	Viết theo hoạt ảnh từng nét trong ứng dụng; tuân thủ trên trước dưới, trái trước phải.	牜	Khi làm thành phần chữ ghép thường biến thành 牜.	3	Động vật & Thực vật	96	TRUE	https://char.iis.sinica.edu.tw/TTF/getTTF1.aspx?word=%E7%89%9B&f=%E7%94%B2%E9%AA%A8%E6%96%87&s=200&c=black	https://char.iis.sinica.edu.tw/TTF/getTTF1.aspx?word=%E7%89%9B&f=%E9%87%91%E6%96%87&s=200&c=black	https://char.iis.sinica.edu.tw/TTF/getTTF1.aspx?word=%E7%89%9B&f=%E5%B0%8F%E7%AF%86&s=200&c=black	https://chardb.iis.sinica.edu.tw/search.jsp?q=%E7%89%9B&stype=0	牛奶 | 牛仔 | 牛肉 | 牛排	牛奶 | 牛仔 | 牛肉	TRUE
mono-117	手	手	shǒu	thủ	tay / (trang trọng) cầm / người làm các công việc nhất định / người có kỹ năng trong các công việc nhất định / đích thân / tiện lợi / lượng từ cho kỹ năng / LT:雙|双[shuang1],隻|只[zhi1]	tay	(trang trọng) cầm / người làm các công việc nhất định / người có kỹ năng trong các công việc nhất định / đích thân / tiện lợi / lượng từ cho kỹ năng / LT:雙|双[shuang1],隻|只[zhi1]	Tượng hình	Đối chiếu hình chữ cổ để nhận ra nét nghĩa gốc; ghi chú nguồn: Pictograph of a hand with five fingers.	0	Viết theo hoạt ảnh từng nét trong ứng dụng; tuân thủ trên trước dưới, trái trước phải.	扌	Khi làm thành phần chữ ghép thường biến thành 扌.	2	Con người & Cơ thể	36	TRUE	https://char.iis.sinica.edu.tw/TTF/getTTF1.aspx?word=%E6%89%8B&f=%E7%94%B2%E9%AA%A8%E6%96%87&s=200&c=black	https://char.iis.sinica.edu.tw/TTF/getTTF1.aspx?word=%E6%89%8B&f=%E9%87%91%E6%96%87&s=200&c=black	https://char.iis.sinica.edu.tw/TTF/getTTF1.aspx?word=%E6%89%8B&f=%E5%B0%8F%E7%AF%86&s=200&c=black	https://chardb.iis.sinica.edu.tw/search.jsp?q=%E6%89%8B&stype=0	选手 | 手术 | 对手 | 凶手	选手 | 手术 | 对手	TRUE
mono-118	气	氣	qì	khí	khí; không khí / mùi / thời tiết / làm tức giận; gây bực mình; tức giận / năng lượng sống; khí	khí; không khí	mùi / thời tiết / làm tức giận; gây bực mình; tức giận / năng lượng sống; khí	Tượng hình	Đối chiếu hình chữ cổ để nhận ra nét nghĩa gốc; ghi chú nguồn: Pictograph of air.	0	Viết theo hoạt ảnh từng nét trong ứng dụng; tuân thủ trên trước dưới, trái trước phải.	气	Thường giữ nguyên hình khi làm thành phần; có thể co hẹp theo vị trí.	1	Tự nhiên & Vũ trụ	74	TRUE	https://char.iis.sinica.edu.tw/TTF/getTTF1.aspx?word=%E6%B0%94&f=%E7%94%B2%E9%AA%A8%E6%96%87&s=200&c=black	https://char.iis.sinica.edu.tw/TTF/getTTF1.aspx?word=%E6%B0%94&f=%E9%87%91%E6%96%87&s=200&c=black	https://char.iis.sinica.edu.tw/TTF/getTTF1.aspx?word=%E6%B0%94&f=%E5%B0%8F%E7%AF%86&s=200&c=black	https://chardb.iis.sinica.edu.tw/search.jsp?q=%E6%B0%94&stype=0	生气 | 天气 | 空气 | 客气	生气 | 天气 | 空气	TRUE
mono-119	毛	毛	Máo	mao	họ [Mao2]	họ [Mao2]		Tượng hình	Đối chiếu hình chữ cổ để nhận ra nét nghĩa gốc; ghi chú nguồn: Pictograph of a feather.	0	Viết theo hoạt ảnh từng nét trong ứng dụng; tuân thủ trên trước dưới, trái trước phải.	毛	Thường giữ nguyên hình khi làm thành phần; có thể co hẹp theo vị trí.	2	Con người & Cơ thể	94	TRUE	https://char.iis.sinica.edu.tw/TTF/getTTF1.aspx?word=%E6%AF%9B&f=%E7%94%B2%E9%AA%A8%E6%96%87&s=200&c=black	https://char.iis.sinica.edu.tw/TTF/getTTF1.aspx?word=%E6%AF%9B&f=%E9%87%91%E6%96%87&s=200&c=black	https://char.iis.sinica.edu.tw/TTF/getTTF1.aspx?word=%E6%AF%9B&f=%E5%B0%8F%E7%AF%86&s=200&c=black	https://chardb.iis.sinica.edu.tw/search.jsp?q=%E6%AF%9B&stype=0	毛主席 | 毛病 | 毛衣 | 毛巾	毛主席 | 毛病 | 毛衣	TRUE
mono-120	壬	壬	rén	nhăm	"thiên can thứ chín trong mười Thiên Can 十天干[shi2 tian1 gan1] / thứ chín theo thứ tự / chữ ""I"" hoặc số La Mã ""IX"" trong danh sách ""A, B, C"", hoặc ""I, II, III"" vv / điểm la bàn Trung Quốc cổ: 345° / cửu"	thiên can thứ chín trong mười Thiên Can 十天干[shi2 tian1 gan1]	"thứ chín theo thứ tự / chữ ""I"" hoặc số La Mã ""IX"" trong danh sách ""A, B, C"", hoặc ""I, II, III"" vv / điểm la bàn Trung Quốc cổ: 345° / cửu"	Chỉ sự/độc thể	Đối chiếu hình chữ cổ để nhận ra nét nghĩa gốc; ghi chú nguồn: Origin unclear.	0	Viết theo hoạt ảnh từng nét trong ứng dụng; tuân thủ trên trước dưới, trái trước phải.	壬	Thường giữ nguyên hình khi làm thành phần; có thể co hẹp theo vị trí.	5	Số đếm, Phương hướng & Khái niệm	0	FALSE	https://char.iis.sinica.edu.tw/TTF/getTTF1.aspx?word=%E5%A3%AC&f=%E7%94%B2%E9%AA%A8%E6%96%87&s=200&c=black	https://char.iis.sinica.edu.tw/TTF/getTTF1.aspx?word=%E5%A3%AC&f=%E9%87%91%E6%96%87&s=200&c=black	https://char.iis.sinica.edu.tw/TTF/getTTF1.aspx?word=%E5%A3%AC&f=%E5%B0%8F%E7%AF%86&s=200&c=black	https://chardb.iis.sinica.edu.tw/search.jsp?q=%E5%A3%AC&stype=0	壬辰 | 壬午 | 壬子 | 壬申	壬辰 | 壬午 | 壬子	TRUE
mono-121	升	升	shēng	thăng	thăng lên / tăng lên chức / thăng chức / kéo lên / lít / đơn vị đo lường ngũ cốc khô bằng một phần mười đấu 斗[dou3]	thăng lên	tăng lên chức / thăng chức / kéo lên / lít / đơn vị đo lường ngũ cốc khô bằng một phần mười đấu 斗[dou3]	Tượng hình	Đối chiếu hình chữ cổ để nhận ra nét nghĩa gốc; ghi chú nguồn: Pictograph of a spoon, a utensil used to pick things up.	0	Viết theo hoạt ảnh từng nét trong ứng dụng; tuân thủ trên trước dưới, trái trước phải.	升	Thường giữ nguyên hình khi làm thành phần; có thể co hẹp theo vị trí.	5	Số đếm, Phương hướng & Khái niệm	126	TRUE	https://char.iis.sinica.edu.tw/TTF/getTTF1.aspx?word=%E5%8D%87&f=%E7%94%B2%E9%AA%A8%E6%96%87&s=200&c=black	https://char.iis.sinica.edu.tw/TTF/getTTF1.aspx?word=%E5%8D%87&f=%E9%87%91%E6%96%87&s=200&c=black	https://char.iis.sinica.edu.tw/TTF/getTTF1.aspx?word=%E5%8D%87&f=%E5%B0%8F%E7%AF%86&s=200&c=black	https://chardb.iis.sinica.edu.tw/search.jsp?q=%E5%8D%87&stype=0	上升 | 提升 | 直升机 | 升级	上升 | 提升 | 直升机	TRUE
mono-122	夭	夭	yāo	yểu	(hình thức kết hợp) chết yểu (cũng đọc là [yao3]) / (văn học) (cây cối) tươi tốt	(hình thức kết hợp) chết yểu (cũng đọc là [yao3])	(văn học) (cây cối) tươi tốt	Tượng hình	Đối chiếu hình chữ cổ để nhận ra nét nghĩa gốc; ghi chú nguồn: Pictograph of a person walking. Connection to meaning unclear.	0	Viết theo hoạt ảnh từng nét trong ứng dụng; tuân thủ trên trước dưới, trái trước phải.	夭	Thường giữ nguyên hình khi làm thành phần; có thể co hẹp theo vị trí.	5	Số đếm, Phương hướng & Khái niệm	0	FALSE	https://char.iis.sinica.edu.tw/TTF/getTTF1.aspx?word=%E5%A4%AD&f=%E7%94%B2%E9%AA%A8%E6%96%87&s=200&c=black	https://char.iis.sinica.edu.tw/TTF/getTTF1.aspx?word=%E5%A4%AD&f=%E9%87%91%E6%96%87&s=200&c=black	https://char.iis.sinica.edu.tw/TTF/getTTF1.aspx?word=%E5%A4%AD&f=%E5%B0%8F%E7%AF%86&s=200&c=black	https://chardb.iis.sinica.edu.tw/search.jsp?q=%E5%A4%AD&stype=0	逃之夭夭 | 夭折 | 夭亡	逃之夭夭 | 夭折 | 夭亡	TRUE
mono-123	长	長	cháng	trường	chiều dài / dài / mãi mãi / luôn luôn / liên tục	chiều dài	dài / mãi mãi / luôn luôn / liên tục	Tượng hình	Đối chiếu hình chữ cổ để nhận ra nét nghĩa gốc; ghi chú nguồn: Pictograph of a person with long hair. The simplified character 长 was adapted from the cursive form of the traditional character 長.	0	Viết theo hoạt ảnh từng nét trong ứng dụng; tuân thủ trên trước dưới, trái trước phải.	长	Thường giữ nguyên hình khi làm thành phần; có thể co hẹp theo vị trí.	5	Số đếm, Phương hướng & Khái niệm	39	TRUE	https://char.iis.sinica.edu.tw/TTF/getTTF1.aspx?word=%E9%95%BF&f=%E7%94%B2%E9%AA%A8%E6%96%87&s=200&c=black	https://char.iis.sinica.edu.tw/TTF/getTTF1.aspx?word=%E9%95%BF&f=%E9%87%91%E6%96%87&s=200&c=black	https://char.iis.sinica.edu.tw/TTF/getTTF1.aspx?word=%E9%95%BF&f=%E5%B0%8F%E7%AF%86&s=200&c=black	https://chardb.iis.sinica.edu.tw/search.jsp?q=%E9%95%BF&stype=0	长官 | 增长 | 长期 | 成长	长官 | 增长 | 长期	TRUE
mono-124	片	片	piān	phiến	đĩa / tấm	đĩa	tấm	Tượng hình	Đối chiếu hình chữ cổ để nhận ra nét nghĩa gốc; ghi chú nguồn: Pictograph of a slice of a tree, taken from the right half of 木 (tree).	0	Viết theo hoạt ảnh từng nét trong ứng dụng; tuân thủ trên trước dưới, trái trước phải.	片	Thường giữ nguyên hình khi làm thành phần; có thể co hẹp theo vị trí.	5	Số đếm, Phương hướng & Khái niệm	66	TRUE	https://char.iis.sinica.edu.tw/TTF/getTTF1.aspx?word=%E7%89%87&f=%E7%94%B2%E9%AA%A8%E6%96%87&s=200&c=black	https://char.iis.sinica.edu.tw/TTF/getTTF1.aspx?word=%E7%89%87&f=%E9%87%91%E6%96%87&s=200&c=black	https://char.iis.sinica.edu.tw/TTF/getTTF1.aspx?word=%E7%89%87&f=%E5%B0%8F%E7%AF%86&s=200&c=black	https://chardb.iis.sinica.edu.tw/search.jsp?q=%E7%89%87&stype=0	照片 | 图片 | 影片 | 唱片	照片 | 图片 | 影片	TRUE
mono-125	币	幣	bì	giẻ	tiền / tiền xu / tiền tệ / lụa	tiền	tiền xu / tiền tệ / lụa	Chỉ sự/độc thể	Đối chiếu hình chữ cổ để nhận ra nét nghĩa gốc; ghi chú nguồn: Simplified form of 幣. Phonosemantic compound. 巾 represents the meaning and 敝 represents the sound.	0	Viết theo hoạt ảnh từng nét trong ứng dụng; tuân thủ trên trước dưới, trái trước phải.	币	Thường giữ nguyên hình khi làm thành phần; có thể co hẹp theo vị trí.	5	Số đếm, Phương hướng & Khái niệm	0	FALSE	https://char.iis.sinica.edu.tw/TTF/getTTF1.aspx?word=%E5%B8%81&f=%E7%94%B2%E9%AA%A8%E6%96%87&s=200&c=black	https://char.iis.sinica.edu.tw/TTF/getTTF1.aspx?word=%E5%B8%81&f=%E9%87%91%E6%96%87&s=200&c=black	https://char.iis.sinica.edu.tw/TTF/getTTF1.aspx?word=%E5%B8%81&f=%E5%B0%8F%E7%AF%86&s=200&c=black	https://chardb.iis.sinica.edu.tw/search.jsp?q=%E5%B8%81&stype=0	硬币 | 人民币 | 货币 | 金币	硬币 | 人民币 | 货币	TRUE
mono-126	斤	斤	jīn	cân	cân / (Trung Quốc) đơn vị đo lường bằng 500 g / (Đài Loan) đơn vị đo lường bằng 600 g / (HK, Malaysia, Singapore) hơi hơn 604 g	cân	(Trung Quốc) đơn vị đo lường bằng 500 g / (Đài Loan) đơn vị đo lường bằng 600 g / (HK, Malaysia, Singapore) hơi hơn 604 g	Tượng hình	Đối chiếu hình chữ cổ để nhận ra nét nghĩa gốc; ghi chú nguồn: Pictograph of an axe.	0	Viết theo hoạt ảnh từng nét trong ứng dụng; tuân thủ trên trước dưới, trái trước phải.	斤	Thường giữ nguyên hình khi làm thành phần; có thể co hẹp theo vị trí.	4	Đồ vật & Công cụ	0	FALSE	https://char.iis.sinica.edu.tw/TTF/getTTF1.aspx?word=%E6%96%A4&f=%E7%94%B2%E9%AA%A8%E6%96%87&s=200&c=black	https://char.iis.sinica.edu.tw/TTF/getTTF1.aspx?word=%E6%96%A4&f=%E9%87%91%E6%96%87&s=200&c=black	https://char.iis.sinica.edu.tw/TTF/getTTF1.aspx?word=%E6%96%A4&f=%E5%B0%8F%E7%AF%86&s=200&c=black	https://chardb.iis.sinica.edu.tw/search.jsp?q=%E6%96%A4&stype=0	公斤 | 斤斤计较 | 千斤顶 | 半斤八两	公斤 | 斤斤计较 | 千斤顶	TRUE
mono-127	爪	爪	zhǎo	trảo	chân của chim hoặc động vật / chân / tay vuốt / móng vuốt	chân của chim hoặc động vật	chân / tay vuốt / móng vuốt	Tượng hình	"Đối chiếu hình chữ cổ để nhận ra nét nghĩa gốc; ghi chú nguồn: Pictograph of an animal paw. Usually means ""hand"" when used as a component in other characters."	0	Viết theo hoạt ảnh từng nét trong ứng dụng; tuân thủ trên trước dưới, trái trước phải.	爪	Thường giữ nguyên hình khi làm thành phần; có thể co hẹp theo vị trí.	3	Động vật & Thực vật	0	FALSE	https://char.iis.sinica.edu.tw/TTF/getTTF1.aspx?word=%E7%88%AA&f=%E7%94%B2%E9%AA%A8%E6%96%87&s=200&c=black	https://char.iis.sinica.edu.tw/TTF/getTTF1.aspx?word=%E7%88%AA&f=%E9%87%91%E6%96%87&s=200&c=black	https://char.iis.sinica.edu.tw/TTF/getTTF1.aspx?word=%E7%88%AA&f=%E5%B0%8F%E7%AF%86&s=200&c=black	https://chardb.iis.sinica.edu.tw/search.jsp?q=%E7%88%AA&stype=0	爪子 | 魔爪 | 爪牙 | 张牙舞爪	爪子 | 魔爪 | 爪牙	TRUE
mono-128	父	父	fù	phụ	cha	cha		Tượng hình	Đối chiếu hình chữ cổ để nhận ra nét nghĩa gốc; ghi chú nguồn: Pictograph of a hand holding something. There are various theories about what the object being held is, including a hatchet (now written as 斧), or a rod.	0	Viết theo hoạt ảnh từng nét trong ứng dụng; tuân thủ trên trước dưới, trái trước phải.	父	Thường giữ nguyên hình khi làm thành phần; có thể co hẹp theo vị trí.	2	Con người & Cơ thể	132	TRUE	https://char.iis.sinica.edu.tw/TTF/getTTF1.aspx?word=%E7%88%B6&f=%E7%94%B2%E9%AA%A8%E6%96%87&s=200&c=black	https://char.iis.sinica.edu.tw/TTF/getTTF1.aspx?word=%E7%88%B6&f=%E9%87%91%E6%96%87&s=200&c=black	https://char.iis.sinica.edu.tw/TTF/getTTF1.aspx?word=%E7%88%B6&f=%E5%B0%8F%E7%AF%86&s=200&c=black	https://chardb.iis.sinica.edu.tw/search.jsp?q=%E7%88%B6&stype=0	父亲 | 父母 | 神父 | 师父	父亲 | 父母 | 神父	TRUE
mono-129	月	月	yuè	nguyệt	mặt trăng / tháng / hàng tháng / LT:個|个[ge4],輪|轮[lun2]	mặt trăng	tháng / hàng tháng / LT:個|个[ge4],輪|轮[lun2]	Tượng hình	Đối chiếu hình chữ cổ để nhận ra nét nghĩa gốc; ghi chú nguồn: Pictograph of the moon.	0	Viết theo hoạt ảnh từng nét trong ứng dụng; tuân thủ trên trước dưới, trái trước phải.	月	Thường giữ nguyên hình khi làm thành phần; có thể co hẹp theo vị trí.	1	Tự nhiên & Vũ trụ	38	TRUE	https://char.iis.sinica.edu.tw/TTF/getTTF1.aspx?word=%E6%9C%88&f=%E7%94%B2%E9%AA%A8%E6%96%87&s=200&c=black	https://char.iis.sinica.edu.tw/TTF/getTTF1.aspx?word=%E6%9C%88&f=%E9%87%91%E6%96%87&s=200&c=black	https://char.iis.sinica.edu.tw/TTF/getTTF1.aspx?word=%E6%9C%88&f=%E5%B0%8F%E7%AF%86&s=200&c=black	https://chardb.iis.sinica.edu.tw/search.jsp?q=%E6%9C%88&stype=0	月份 | 月亮 | 蜜月 | 每月	月份 | 月亮 | 蜜月	TRUE
mono-130	氏	氏	shì	thị	tên thị tộc / tên thời con gái	tên thị tộc	tên thời con gái	Tượng hình	Đối chiếu hình chữ cổ để nhận ra nét nghĩa gốc; ghi chú nguồn: Pictograph of a man bowing down.	0	Viết theo hoạt ảnh từng nét trong ứng dụng; tuân thủ trên trước dưới, trái trước phải.	氏	Thường giữ nguyên hình khi làm thành phần; có thể co hẹp theo vị trí.	5	Số đếm, Phương hướng & Khái niệm	0	FALSE	https://char.iis.sinica.edu.tw/TTF/getTTF1.aspx?word=%E6%B0%8F&f=%E7%94%B2%E9%AA%A8%E6%96%87&s=200&c=black	https://char.iis.sinica.edu.tw/TTF/getTTF1.aspx?word=%E6%B0%8F&f=%E9%87%91%E6%96%87&s=200&c=black	https://char.iis.sinica.edu.tw/TTF/getTTF1.aspx?word=%E6%B0%8F&f=%E5%B0%8F%E7%AF%86&s=200&c=black	https://chardb.iis.sinica.edu.tw/search.jsp?q=%E6%B0%8F&stype=0	摄氏度 | 姓氏 | 华氏 | 无名氏	摄氏度 | 姓氏 | 华氏	TRUE
mono-131	勿	勿	wù	vật	đừng	đừng		Tượng hình	"Đối chiếu hình chữ cổ để nhận ra nét nghĩa gốc; ghi chú nguồn: Depicts a knife (刀) cutting things apart, based on the original meaning ""to cut apart"", now written as 刎."	0	Viết theo hoạt ảnh từng nét trong ứng dụng; tuân thủ trên trước dưới, trái trước phải.	勿	Thường giữ nguyên hình khi làm thành phần; có thể co hẹp theo vị trí.	5	Số đếm, Phương hướng & Khái niệm	0	FALSE	https://char.iis.sinica.edu.tw/TTF/getTTF1.aspx?word=%E5%8B%BF&f=%E7%94%B2%E9%AA%A8%E6%96%87&s=200&c=black	https://char.iis.sinica.edu.tw/TTF/getTTF1.aspx?word=%E5%8B%BF&f=%E9%87%91%E6%96%87&s=200&c=black	https://char.iis.sinica.edu.tw/TTF/getTTF1.aspx?word=%E5%8B%BF&f=%E5%B0%8F%E7%AF%86&s=200&c=black	https://chardb.iis.sinica.edu.tw/search.jsp?q=%E5%8B%BF&stype=0	宁缺勿滥 | 姑置勿论	宁缺勿滥 | 姑置勿论	TRUE
mono-132	欠	欠	qiàn	khiếm	nợ / thiếu / (văn học) bị thiếu / (hình thức kết hợp) ngáp / nhấc nhẹ (một phần của cơ thể)	nợ	thiếu / (văn học) bị thiếu / (hình thức kết hợp) ngáp / nhấc nhẹ (một phần của cơ thể)	Tượng hình	Đối chiếu hình chữ cổ để nhận ra nét nghĩa gốc; ghi chú nguồn: Pictograph of a person opening their mouth to yawn.	0	Viết theo hoạt ảnh từng nét trong ứng dụng; tuân thủ trên trước dưới, trái trước phải.	欠	Thường giữ nguyên hình khi làm thành phần; có thể co hẹp theo vị trí.	5	Số đếm, Phương hướng & Khái niệm	82	TRUE	https://char.iis.sinica.edu.tw/TTF/getTTF1.aspx?word=%E6%AC%A0&f=%E7%94%B2%E9%AA%A8%E6%96%87&s=200&c=black	https://char.iis.sinica.edu.tw/TTF/getTTF1.aspx?word=%E6%AC%A0&f=%E9%87%91%E6%96%87&s=200&c=black	https://char.iis.sinica.edu.tw/TTF/getTTF1.aspx?word=%E6%AC%A0&f=%E5%B0%8F%E7%AF%86&s=200&c=black	https://chardb.iis.sinica.edu.tw/search.jsp?q=%E6%AC%A0&stype=0	拖欠 | 欠缺 | 欠款 | 欠佳	拖欠 | 欠缺 | 欠款	TRUE
mono-133	丹	丹	dān	đam	đỏ / viên thuốc / bột / chu sa	đỏ	viên thuốc / bột / chu sa	Chỉ sự/độc thể	Đối chiếu hình chữ cổ để nhận ra nét nghĩa gốc; ghi chú nguồn: Origin unclear.	0	Viết theo hoạt ảnh từng nét trong ứng dụng; tuân thủ trên trước dưới, trái trước phải.	丹	Thường giữ nguyên hình khi làm thành phần; có thể co hẹp theo vị trí.	5	Số đếm, Phương hướng & Khái niệm	119	TRUE	https://char.iis.sinica.edu.tw/TTF/getTTF1.aspx?word=%E4%B8%B9&f=%E7%94%B2%E9%AA%A8%E6%96%87&s=200&c=black	https://char.iis.sinica.edu.tw/TTF/getTTF1.aspx?word=%E4%B8%B9&f=%E9%87%91%E6%96%87&s=200&c=black	https://char.iis.sinica.edu.tw/TTF/getTTF1.aspx?word=%E4%B8%B9&f=%E5%B0%8F%E7%AF%86&s=200&c=black	https://chardb.iis.sinica.edu.tw/search.jsp?q=%E4%B8%B9&stype=0	丹尼 | 丹麦 | 苏丹 | 丹尼斯	丹尼 | 丹麦 | 苏丹	TRUE
mono-134	乌	烏	Wū	ô	viết tắt của Ukraine 烏克蘭|乌克兰[Wu1ke4lan2] / họ [Wu1]	viết tắt của Ukraine 烏克蘭|乌克兰[Wu1ke4lan2]	họ [Wu1]	Tượng hình	Đối chiếu hình chữ cổ để nhận ra nét nghĩa gốc; ghi chú nguồn: Simplified form of 烏. Pictograph of a crow. Similar to 鳥.	0	Viết theo hoạt ảnh từng nét trong ứng dụng; tuân thủ trên trước dưới, trái trước phải.	乌	Thường giữ nguyên hình khi làm thành phần; có thể co hẹp theo vị trí.	5	Số đếm, Phương hướng & Khái niệm	0	FALSE	https://char.iis.sinica.edu.tw/TTF/getTTF1.aspx?word=%E4%B9%8C&f=%E7%94%B2%E9%AA%A8%E6%96%87&s=200&c=black	https://char.iis.sinica.edu.tw/TTF/getTTF1.aspx?word=%E4%B9%8C&f=%E9%87%91%E6%96%87&s=200&c=black	https://char.iis.sinica.edu.tw/TTF/getTTF1.aspx?word=%E4%B9%8C&f=%E5%B0%8F%E7%AF%86&s=200&c=black	https://chardb.iis.sinica.edu.tw/search.jsp?q=%E4%B9%8C&stype=0	乌克兰 | 乌龟 | 乌鸦 | 乌鲁木齐	乌克兰 | 乌龟 | 乌鸦	TRUE
mono-135	文	文	Wén	văn	họ [Wen2]	họ [Wen2]		Tượng hình	Đối chiếu hình chữ cổ để nhận ra nét nghĩa gốc; ghi chú nguồn: Pictograph of a man with writing (possibly a tattoo) on his chest. In later scripts the writing was abbreviated to a dot or omitted altogether.	0	Viết theo hoạt ảnh từng nét trong ứng dụng; tuân thủ trên trước dưới, trái trước phải.	文	Thường giữ nguyên hình khi làm thành phần; có thể co hẹp theo vị trí.	5	Số đếm, Phương hướng & Khái niệm	117	TRUE	https://char.iis.sinica.edu.tw/TTF/getTTF1.aspx?word=%E6%96%87&f=%E7%94%B2%E9%AA%A8%E6%96%87&s=200&c=black	https://char.iis.sinica.edu.tw/TTF/getTTF1.aspx?word=%E6%96%87&f=%E9%87%91%E6%96%87&s=200&c=black	https://char.iis.sinica.edu.tw/TTF/getTTF1.aspx?word=%E6%96%87&f=%E5%B0%8F%E7%AF%86&s=200&c=black	https://chardb.iis.sinica.edu.tw/search.jsp?q=%E6%96%87&stype=0	文化 | 文件 | 文章 | 文明	文化 | 文件 | 文章	TRUE
mono-136	方	方	Fāng	phương	họ [Fang1]	họ [Fang1]		Tượng hình	Đối chiếu hình chữ cổ để nhận ra nét nghĩa gốc; ghi chú nguồn: Origin unclear. Variously explained as a pictograph of a square tool, a part of a knife, or a raft.	0	Viết theo hoạt ảnh từng nét trong ứng dụng; tuân thủ trên trước dưới, trái trước phải.	方	Thường giữ nguyên hình khi làm thành phần; có thể co hẹp theo vị trí.	5	Số đếm, Phương hướng & Khái niệm	101	TRUE	https://char.iis.sinica.edu.tw/TTF/getTTF1.aspx?word=%E6%96%B9&f=%E7%94%B2%E9%AA%A8%E6%96%87&s=200&c=black	https://char.iis.sinica.edu.tw/TTF/getTTF1.aspx?word=%E6%96%B9&f=%E9%87%91%E6%96%87&s=200&c=black	https://char.iis.sinica.edu.tw/TTF/getTTF1.aspx?word=%E6%96%B9&f=%E5%B0%8F%E7%AF%86&s=200&c=black	https://chardb.iis.sinica.edu.tw/search.jsp?q=%E6%96%B9&stype=0	地方 | 方面 | 方式 | 方法	地方 | 方面 | 方式	TRUE
mono-137	火	火	Huǒ	hoả	họ [Huo3]	họ [Huo3]		Tượng hình	Đối chiếu hình chữ cổ để nhận ra nét nghĩa gốc; ghi chú nguồn: Pictograph of fire.	0	Viết theo hoạt ảnh từng nét trong ứng dụng; tuân thủ trên trước dưới, trái trước phải.	灬	Khi làm thành phần chữ ghép thường biến thành 灬.	1	Tự nhiên & Vũ trụ	77	TRUE	https://char.iis.sinica.edu.tw/TTF/getTTF1.aspx?word=%E7%81%AB&f=%E7%94%B2%E9%AA%A8%E6%96%87&s=200&c=black	https://char.iis.sinica.edu.tw/TTF/getTTF1.aspx?word=%E7%81%AB&f=%E9%87%91%E6%96%87&s=200&c=black	https://char.iis.sinica.edu.tw/TTF/getTTF1.aspx?word=%E7%81%AB&f=%E5%B0%8F%E7%AF%86&s=200&c=black	https://chardb.iis.sinica.edu.tw/search.jsp?q=%E7%81%AB&stype=0	火车 | 火箭 | 火灾 | 火锅	火车 | 火箭 | 火灾	TRUE
mono-138	为	為	wéi	vi/vị	làm (với tư cách) / xem cái gì như / làm như / phục vụ như / cư xử như / trở thành / là / làm / bởi (trong câu bị động)	làm (với tư cách)	xem cái gì như / làm như / phục vụ như / cư xử như / trở thành / là / làm / bởi (trong câu bị động)	Tượng hình	"Đối chiếu hình chữ cổ để nhận ra nét nghĩa gốc; ghi chú nguồn: Simplified form of 為. Pictograph of a hand guiding an elephant to do work (in ancient China elephants were tamed to do work). Based on the meaning ""to work; to do""."	0	Viết theo hoạt ảnh từng nét trong ứng dụng; tuân thủ trên trước dưới, trái trước phải.	为	Thường giữ nguyên hình khi làm thành phần; có thể co hẹp theo vị trí.	5	Số đếm, Phương hướng & Khái niệm	16	TRUE	https://char.iis.sinica.edu.tw/TTF/getTTF1.aspx?word=%E4%B8%BA&f=%E7%94%B2%E9%AA%A8%E6%96%87&s=200&c=black	https://char.iis.sinica.edu.tw/TTF/getTTF1.aspx?word=%E4%B8%BA&f=%E9%87%91%E6%96%87&s=200&c=black	https://char.iis.sinica.edu.tw/TTF/getTTF1.aspx?word=%E4%B8%BA&f=%E5%B0%8F%E7%AF%86&s=200&c=black	https://chardb.iis.sinica.edu.tw/search.jsp?q=%E4%B8%BA&stype=0	因为 | 为什么 | 认为 | 为了	因为 | 为什么 | 认为	TRUE
mono-139	斗	斗	Dǒu	đấu	viết tắt của chòm sao Đại Hùng 北斗星[Bei3 dou3 xing1]	viết tắt của chòm sao Đại Hùng 北斗星[Bei3 dou3 xing1]		Tượng hình	"Đối chiếu hình chữ cổ để nhận ra nét nghĩa gốc; ghi chú nguồn: Pictograph of a cup or dipper. In simplified Chinese 斗 is also used to mean ""fight, struggle"", while in traditional Chinese this meaning is written with a separate character 鬥."	0	Viết theo hoạt ảnh từng nét trong ứng dụng; tuân thủ trên trước dưới, trái trước phải.	斗	Thường giữ nguyên hình khi làm thành phần; có thể co hẹp theo vị trí.	4	Đồ vật & Công cụ	129	TRUE	https://char.iis.sinica.edu.tw/TTF/getTTF1.aspx?word=%E6%96%97&f=%E7%94%B2%E9%AA%A8%E6%96%87&s=200&c=black	https://char.iis.sinica.edu.tw/TTF/getTTF1.aspx?word=%E6%96%97&f=%E9%87%91%E6%96%87&s=200&c=black	https://char.iis.sinica.edu.tw/TTF/getTTF1.aspx?word=%E6%96%97&f=%E5%B0%8F%E7%AF%86&s=200&c=black	https://chardb.iis.sinica.edu.tw/search.jsp?q=%E6%96%97&stype=0	战斗 | 斗争 | 奋斗 | 战斗机	战斗 | 斗争 | 奋斗	TRUE
mono-140	户	戶	hù	hộ	một hộ gia đình / cửa / gia đình	một hộ gia đình	cửa / gia đình	Tượng hình	Đối chiếu hình chữ cổ để nhận ra nét nghĩa gốc; ghi chú nguồn: Simplified form of 戶. Pictograph of a door, taken from the left half of 門.	0	Viết theo hoạt ảnh từng nét trong ứng dụng; tuân thủ trên trước dưới, trái trước phải.	户	Thường giữ nguyên hình khi làm thành phần; có thể co hẹp theo vị trí.	4	Đồ vật & Công cụ	0	FALSE	https://char.iis.sinica.edu.tw/TTF/getTTF1.aspx?word=%E6%88%B7&f=%E7%94%B2%E9%AA%A8%E6%96%87&s=200&c=black	https://char.iis.sinica.edu.tw/TTF/getTTF1.aspx?word=%E6%88%B7&f=%E9%87%91%E6%96%87&s=200&c=black	https://char.iis.sinica.edu.tw/TTF/getTTF1.aspx?word=%E6%88%B7&f=%E5%B0%8F%E7%AF%86&s=200&c=black	https://chardb.iis.sinica.edu.tw/search.jsp?q=%E6%88%B7&stype=0	客户 | 用户 | 窗户 | 账户	客户 | 用户 | 窗户	TRUE
mono-141	心	心	xīn	tâm	tim / tâm / trái tim / trung tâm / lõi / LT:顆|颗[ke1],個|个[ge4]	tim	tâm / trái tim / trung tâm / lõi / LT:顆|颗[ke1],個|个[ge4]	Tượng hình	Đối chiếu hình chữ cổ để nhận ra nét nghĩa gốc; ghi chú nguồn: Pictograph of a heart.	0	Viết theo hoạt ảnh từng nét trong ứng dụng; tuân thủ trên trước dưới, trái trước phải.	忄/⺗	Khi làm thành phần chữ ghép thường biến thành 忄/⺗.	2	Con người & Cơ thể	43	TRUE	https://char.iis.sinica.edu.tw/TTF/getTTF1.aspx?word=%E5%BF%83&f=%E7%94%B2%E9%AA%A8%E6%96%87&s=200&c=black	https://char.iis.sinica.edu.tw/TTF/getTTF1.aspx?word=%E5%BF%83&f=%E9%87%91%E6%96%87&s=200&c=black	https://char.iis.sinica.edu.tw/TTF/getTTF1.aspx?word=%E5%BF%83&f=%E5%B0%8F%E7%AF%86&s=200&c=black	https://chardb.iis.sinica.edu.tw/search.jsp?q=%E5%BF%83&stype=0	担心 | 中心 | 开心 | 小心	担心 | 中心 | 开心	TRUE
mono-142	卞	卞	Biàn	biện	họ [Bian4]	họ [Bian4]		Chỉ sự/độc thể	Dạng chữ độc thể; đối chiếu Giáp Cốt văn, Kim văn và Tiểu Triện ở chuỗi hình bên cạnh.	0	Viết theo hoạt ảnh từng nét trong ứng dụng; tuân thủ trên trước dưới, trái trước phải.	卞	Thường giữ nguyên hình khi làm thành phần; có thể co hẹp theo vị trí.	5	Số đếm, Phương hướng & Khái niệm	0	FALSE	https://char.iis.sinica.edu.tw/TTF/getTTF1.aspx?word=%E5%8D%9E&f=%E7%94%B2%E9%AA%A8%E6%96%87&s=200&c=black	https://char.iis.sinica.edu.tw/TTF/getTTF1.aspx?word=%E5%8D%9E&f=%E9%87%91%E6%96%87&s=200&c=black	https://char.iis.sinica.edu.tw/TTF/getTTF1.aspx?word=%E5%8D%9E&f=%E5%B0%8F%E7%AF%86&s=200&c=black	https://chardb.iis.sinica.edu.tw/search.jsp?q=%E5%8D%9E&stype=0			TRUE
mono-143	尺	尺	chě	xích	một trong các ký tự dùng để biểu diễn nốt nhạc trong phổ gongche, 工尺譜|工尺谱[gong1 che3 pu3]	một trong các ký tự dùng để biểu diễn nốt nhạc trong phổ gongche, 工尺譜|工尺谱[gong1 che3 pu3]		Chỉ sự/độc thể	Đối chiếu hình chữ cổ để nhận ra nét nghĩa gốc; ghi chú nguồn: Origin unclear.	0	Viết theo hoạt ảnh từng nét trong ứng dụng; tuân thủ trên trước dưới, trái trước phải.	尺	Thường giữ nguyên hình khi làm thành phần; có thể co hẹp theo vị trí.	5	Số đếm, Phương hướng & Khái niệm	0	FALSE	https://char.iis.sinica.edu.tw/TTF/getTTF1.aspx?word=%E5%B0%BA&f=%E7%94%B2%E9%AA%A8%E6%96%87&s=200&c=black	https://char.iis.sinica.edu.tw/TTF/getTTF1.aspx?word=%E5%B0%BA&f=%E9%87%91%E6%96%87&s=200&c=black	https://char.iis.sinica.edu.tw/TTF/getTTF1.aspx?word=%E5%B0%BA&f=%E5%B0%8F%E7%AF%86&s=200&c=black	https://chardb.iis.sinica.edu.tw/search.jsp?q=%E5%B0%BA&stype=0	英尺 | 尺寸 | 尺度 | 公尺	英尺 | 尺寸 | 尺度	TRUE
mono-144	丑	丑	Chǒu	sửu	họ [Chou3]	họ [Chou3]		Tượng hình	"Đối chiếu hình chữ cổ để nhận ra nét nghĩa gốc; ghi chú nguồn: Pictograph of an animal's paw. In simplified Chinese 丑 is also used to mean ""ugly"", while in traditional Chinese this meaning is written with a separate character 醜."	0	Viết theo hoạt ảnh từng nét trong ứng dụng; tuân thủ trên trước dưới, trái trước phải.	丑	Thường giữ nguyên hình khi làm thành phần; có thể co hẹp theo vị trí.	5	Số đếm, Phương hướng & Khái niệm	127	TRUE	https://char.iis.sinica.edu.tw/TTF/getTTF1.aspx?word=%E4%B8%91&f=%E7%94%B2%E9%AA%A8%E6%96%87&s=200&c=black	https://char.iis.sinica.edu.tw/TTF/getTTF1.aspx?word=%E4%B8%91&f=%E9%87%91%E6%96%87&s=200&c=black	https://char.iis.sinica.edu.tw/TTF/getTTF1.aspx?word=%E4%B8%91&f=%E5%B0%8F%E7%AF%86&s=200&c=black	https://chardb.iis.sinica.edu.tw/search.jsp?q=%E4%B8%91&stype=0	小丑 | 丑闻 | 丑陋 | 丑恶	小丑 | 丑闻 | 丑陋	TRUE
mono-145	巴	巴	Bā	ba	nước Ba thời nhà Chu (ở phía đông Tứ Xuyên hiện đại) / viết tắt của đông Tứ Xuyên hoặc Trùng Khánh / họ [Ba1] / viết tắt của Palestine hoặc người Palestine / viết tắt của Pakistan	nước Ba thời nhà Chu (ở phía đông Tứ Xuyên hiện đại)	viết tắt của đông Tứ Xuyên hoặc Trùng Khánh / họ [Ba1] / viết tắt của Palestine hoặc người Palestine / viết tắt của Pakistan	Tượng hình	Đối chiếu hình chữ cổ để nhận ra nét nghĩa gốc; ghi chú nguồn: Pictograph of a person grabbing something with their hand.	0	Viết theo hoạt ảnh từng nét trong ứng dụng; tuân thủ trên trước dưới, trái trước phải.	巴	Thường giữ nguyên hình khi làm thành phần; có thể co hẹp theo vị trí.	5	Số đếm, Phương hướng & Khái niệm	102	TRUE	https://char.iis.sinica.edu.tw/TTF/getTTF1.aspx?word=%E5%B7%B4&f=%E7%94%B2%E9%AA%A8%E6%96%87&s=200&c=black	https://char.iis.sinica.edu.tw/TTF/getTTF1.aspx?word=%E5%B7%B4&f=%E9%87%91%E6%96%87&s=200&c=black	https://char.iis.sinica.edu.tw/TTF/getTTF1.aspx?word=%E5%B7%B4&f=%E5%B0%8F%E7%AF%86&s=200&c=black	https://chardb.iis.sinica.edu.tw/search.jsp?q=%E5%B7%B4&stype=0	巴黎 | 巴西 | 嘴巴 | 古巴	巴黎 | 巴西 | 嘴巴	TRUE
mono-146	办	辦	bàn	biện	làm / quản lý / xử lý / tiến hành / vận hành / thành lập / giải quyết	làm	quản lý / xử lý / tiến hành / vận hành / thành lập / giải quyết	Chỉ sự/độc thể	Đối chiếu hình chữ cổ để nhận ra nét nghĩa gốc; ghi chú nguồn: Simplified form of 辦. Phonosemantic compound. 力 represents the meaning and 辡 represents the sound.	0	Viết theo hoạt ảnh từng nét trong ứng dụng; tuân thủ trên trước dưới, trái trước phải.	办	Thường giữ nguyên hình khi làm thành phần; có thể co hẹp theo vị trí.	5	Số đếm, Phương hướng & Khái niệm	61	TRUE	https://char.iis.sinica.edu.tw/TTF/getTTF1.aspx?word=%E5%8A%9E&f=%E7%94%B2%E9%AA%A8%E6%96%87&s=200&c=black	https://char.iis.sinica.edu.tw/TTF/getTTF1.aspx?word=%E5%8A%9E&f=%E9%87%91%E6%96%87&s=200&c=black	https://char.iis.sinica.edu.tw/TTF/getTTF1.aspx?word=%E5%8A%9E&f=%E5%B0%8F%E7%AF%86&s=200&c=black	https://chardb.iis.sinica.edu.tw/search.jsp?q=%E5%8A%9E&stype=0	办法 | 怎么办 | 办公室 | 举办	办法 | 怎么办 | 办公室	TRUE
mono-147	予	予	yú	nhừ	(cổ) tôi / tớ	(cổ) tôi	tớ	Chỉ sự/độc thể	Đối chiếu hình chữ cổ để nhận ra nét nghĩa gốc; ghi chú nguồn: Origin unclear.	0	Viết theo hoạt ảnh từng nét trong ứng dụng; tuân thủ trên trước dưới, trái trước phải.	予	Thường giữ nguyên hình khi làm thành phần; có thể co hẹp theo vị trí.	5	Số đếm, Phương hướng & Khái niệm	0	FALSE	https://char.iis.sinica.edu.tw/TTF/getTTF1.aspx?word=%E4%BA%88&f=%E7%94%B2%E9%AA%A8%E6%96%87&s=200&c=black	https://char.iis.sinica.edu.tw/TTF/getTTF1.aspx?word=%E4%BA%88&f=%E9%87%91%E6%96%87&s=200&c=black	https://char.iis.sinica.edu.tw/TTF/getTTF1.aspx?word=%E4%BA%88&f=%E5%B0%8F%E7%AF%86&s=200&c=black	https://chardb.iis.sinica.edu.tw/search.jsp?q=%E4%BA%88&stype=0	给予 | 赋予 | 予以 | 赐予	给予 | 赋予 | 予以	TRUE
mono-148	书	書	Shū	thư	viết tắt của 書經|书经[Shu1 jing1]	viết tắt của 書經|书经[Shu1 jing1]		Chỉ sự/độc thể	Đối chiếu hình chữ cổ để nhận ra nét nghĩa gốc; ghi chú nguồn: Simplified form of 書. Phonosemantic compound. 聿 represents the meaning and 者 represents the sound.	0	Viết theo hoạt ảnh từng nét trong ứng dụng; tuân thủ trên trước dưới, trái trước phải.	书	Thường giữ nguyên hình khi làm thành phần; có thể co hẹp theo vị trí.	4	Đồ vật & Công cụ	48	TRUE	https://char.iis.sinica.edu.tw/TTF/getTTF1.aspx?word=%E4%B9%A6&f=%E7%94%B2%E9%AA%A8%E6%96%87&s=200&c=black	https://char.iis.sinica.edu.tw/TTF/getTTF1.aspx?word=%E4%B9%A6&f=%E9%87%91%E6%96%87&s=200&c=black	https://char.iis.sinica.edu.tw/TTF/getTTF1.aspx?word=%E4%B9%A6&f=%E5%B0%8F%E7%AF%86&s=200&c=black	https://chardb.iis.sinica.edu.tw/search.jsp?q=%E4%B9%A6&stype=0	读书 | 书记 | 图书馆 | 秘书	读书 | 书记 | 图书馆	TRUE
mono-149	尹	尹	Yǐn	doãn	họ [Yin3]	họ [Yin3]		Tượng hình	Đối chiếu hình chữ cổ để nhận ra nét nghĩa gốc; ghi chú nguồn: Depicts a hand (又) holding a staff, held by people in positions of authority.	0	Viết theo hoạt ảnh từng nét trong ứng dụng; tuân thủ trên trước dưới, trái trước phải.	尹	Thường giữ nguyên hình khi làm thành phần; có thể co hẹp theo vị trí.	5	Số đếm, Phương hướng & Khái niệm	0	FALSE	https://char.iis.sinica.edu.tw/TTF/getTTF1.aspx?word=%E5%B0%B9&f=%E7%94%B2%E9%AA%A8%E6%96%87&s=200&c=black	https://char.iis.sinica.edu.tw/TTF/getTTF1.aspx?word=%E5%B0%B9&f=%E9%87%91%E6%96%87&s=200&c=black	https://char.iis.sinica.edu.tw/TTF/getTTF1.aspx?word=%E5%B0%B9&f=%E5%B0%8F%E7%AF%86&s=200&c=black	https://chardb.iis.sinica.edu.tw/search.jsp?q=%E5%B0%B9&stype=0	府尹 | 陈恭尹	府尹 | 陈恭尹	TRUE
mono-150	夬	夬	guài	quái	quyết đoán	quyết đoán		Tượng hình	Đối chiếu hình chữ cổ để nhận ra nét nghĩa gốc; ghi chú nguồn: Origin unclear. Possibly a pictograph of a hand separating something.	0	Viết theo hoạt ảnh từng nét trong ứng dụng; tuân thủ trên trước dưới, trái trước phải.	夬	Thường giữ nguyên hình khi làm thành phần; có thể co hẹp theo vị trí.	5	Số đếm, Phương hướng & Khái niệm	0	FALSE	https://char.iis.sinica.edu.tw/TTF/getTTF1.aspx?word=%E5%A4%AC&f=%E7%94%B2%E9%AA%A8%E6%96%87&s=200&c=black	https://char.iis.sinica.edu.tw/TTF/getTTF1.aspx?word=%E5%A4%AC&f=%E9%87%91%E6%96%87&s=200&c=black	https://char.iis.sinica.edu.tw/TTF/getTTF1.aspx?word=%E5%A4%AC&f=%E5%B0%8F%E7%AF%86&s=200&c=black	https://chardb.iis.sinica.edu.tw/search.jsp?q=%E5%A4%AC&stype=0			TRUE
mono-151	爿	爿	pán	tường	lượng từ cho dải đất hoặc tre, cửa hàng, nhà máy, v.v. / tre chẻ hoặc gỗ chặt (tiếng địa phương)	lượng từ cho dải đất hoặc tre, cửa hàng, nhà máy, v.v.	tre chẻ hoặc gỗ chặt (tiếng địa phương)	Tượng hình	Đối chiếu hình chữ cổ để nhận ra nét nghĩa gốc; ghi chú nguồn: Mirror image of 片 (slice; thin piece). Pictograph of a slice of a tree, taken from the left half of 木 (tree).	0	Viết theo hoạt ảnh từng nét trong ứng dụng; tuân thủ trên trước dưới, trái trước phải.	爿	Thường giữ nguyên hình khi làm thành phần; có thể co hẹp theo vị trí.	5	Số đếm, Phương hướng & Khái niệm	0	FALSE	https://char.iis.sinica.edu.tw/TTF/getTTF1.aspx?word=%E7%88%BF&f=%E7%94%B2%E9%AA%A8%E6%96%87&s=200&c=black	https://char.iis.sinica.edu.tw/TTF/getTTF1.aspx?word=%E7%88%BF&f=%E9%87%91%E6%96%87&s=200&c=black	https://char.iis.sinica.edu.tw/TTF/getTTF1.aspx?word=%E7%88%BF&f=%E5%B0%8F%E7%AF%86&s=200&c=black	https://chardb.iis.sinica.edu.tw/search.jsp?q=%E7%88%BF&stype=0			TRUE
mono-152	毋	毋	Wú	vô	họ [Wu2]	họ [Wu2]		Chỉ sự/độc thể	Đối chiếu hình chữ cổ để nhận ra nét nghĩa gốc; ghi chú nguồn: Originally written and pronounced the same as 母 (mother). Later it was slightly altered so the two characters could be distinguished.	0	Viết theo hoạt ảnh từng nét trong ứng dụng; tuân thủ trên trước dưới, trái trước phải.	毋	Thường giữ nguyên hình khi làm thành phần; có thể co hẹp theo vị trí.	5	Số đếm, Phương hướng & Khái niệm	0	FALSE	https://char.iis.sinica.edu.tw/TTF/getTTF1.aspx?word=%E6%AF%8B&f=%E7%94%B2%E9%AA%A8%E6%96%87&s=200&c=black	https://char.iis.sinica.edu.tw/TTF/getTTF1.aspx?word=%E6%AF%8B&f=%E9%87%91%E6%96%87&s=200&c=black	https://char.iis.sinica.edu.tw/TTF/getTTF1.aspx?word=%E6%AF%8B&f=%E5%B0%8F%E7%AF%86&s=200&c=black	https://chardb.iis.sinica.edu.tw/search.jsp?q=%E6%AF%8B&stype=0	宁缺毋滥 | 毋庸 | 毋宁 | 少安毋躁	宁缺毋滥 | 毋庸 | 毋宁	TRUE
mono-153	玉	玉	yù	ngọc	ngọc	ngọc		Tượng hình	Đối chiếu hình chữ cổ để nhận ra nét nghĩa gốc; ghi chú nguồn: Pictograph of a ritual object made out of several pieces of jade joined together by a string. A dot was later added to 玉 to distinguish it from 王 (king).	0	Viết theo hoạt ảnh từng nét trong ứng dụng; tuân thủ trên trước dưới, trái trước phải.	王	Khi làm thành phần chữ ghép thường biến thành 王.	5	Số đếm, Phương hướng & Khái niệm	0	FALSE	https://char.iis.sinica.edu.tw/TTF/getTTF1.aspx?word=%E7%8E%89&f=%E7%94%B2%E9%AA%A8%E6%96%87&s=200&c=black	https://char.iis.sinica.edu.tw/TTF/getTTF1.aspx?word=%E7%8E%89&f=%E9%87%91%E6%96%87&s=200&c=black	https://char.iis.sinica.edu.tw/TTF/getTTF1.aspx?word=%E7%8E%89&f=%E5%B0%8F%E7%AF%86&s=200&c=black	https://chardb.iis.sinica.edu.tw/search.jsp?q=%E7%8E%89&stype=0	玉米 | 玉米饼 | 玉石 | 玉米粉	玉米 | 玉米饼 | 玉石	TRUE
mono-154	未	未	wèi	mùi	chưa / chưa từng / không / chưa có / chi thứ 8 trong Địa chi: 1-3 giờ chiều, tháng 6 âm lịch (7 tháng 7-6 tháng 8), năm Mùi / hướng la bàn cổ của Trung Quốc: 210°	chưa	chưa từng / không / chưa có / chi thứ 8 trong Địa chi: 1-3 giờ chiều, tháng 6 âm lịch (7 tháng 7-6 tháng 8), năm Mùi / hướng la bàn cổ của Trung Quốc: 210°	Chỉ sự/độc thể	"Đối chiếu hình chữ cổ để nhận ra nét nghĩa gốc; ghi chú nguồn: Similar to 木, with extra branches added. Based on the original meaning ""tree trunk"", now written as 枚. The current meaning is a phonetic loan."	0	Viết theo hoạt ảnh từng nét trong ứng dụng; tuân thủ trên trước dưới, trái trước phải.	未	Thường giữ nguyên hình khi làm thành phần; có thể co hẹp theo vị trí.	5	Số đếm, Phương hướng & Khái niệm	85	TRUE	https://char.iis.sinica.edu.tw/TTF/getTTF1.aspx?word=%E6%9C%AA&f=%E7%94%B2%E9%AA%A8%E6%96%87&s=200&c=black	https://char.iis.sinica.edu.tw/TTF/getTTF1.aspx?word=%E6%9C%AA&f=%E9%87%91%E6%96%87&s=200&c=black	https://char.iis.sinica.edu.tw/TTF/getTTF1.aspx?word=%E6%9C%AA&f=%E5%B0%8F%E7%AF%86&s=200&c=black	https://chardb.iis.sinica.edu.tw/search.jsp?q=%E6%9C%AA&stype=0	未来 | 从未 | 尚未 | 未能	未来 | 从未 | 尚未	TRUE
mono-155	末	末	mò	mạt	đầu mút / kết thúc / giai đoạn cuối / phần sau / chi tiết không quan trọng / bột / bụi / vai diễn ông lão trong kinh kịch	đầu mút	kết thúc / giai đoạn cuối / phần sau / chi tiết không quan trọng / bột / bụi / vai diễn ông lão trong kinh kịch	Tượng hình	Đối chiếu hình chữ cổ để nhận ra nét nghĩa gốc; ghi chú nguồn: Similar to 木, with an extra line at the top. Depicts the tip of a tree.	0	Viết theo hoạt ảnh từng nét trong ứng dụng; tuân thủ trên trước dưới, trái trước phải.	末	Thường giữ nguyên hình khi làm thành phần; có thể co hẹp theo vị trí.	5	Số đếm, Phương hướng & Khái niệm	0	FALSE	https://char.iis.sinica.edu.tw/TTF/getTTF1.aspx?word=%E6%9C%AB&f=%E7%94%B2%E9%AA%A8%E6%96%87&s=200&c=black	https://char.iis.sinica.edu.tw/TTF/getTTF1.aspx?word=%E6%9C%AB&f=%E9%87%91%E6%96%87&s=200&c=black	https://char.iis.sinica.edu.tw/TTF/getTTF1.aspx?word=%E6%9C%AB&f=%E5%B0%8F%E7%AF%86&s=200&c=black	https://chardb.iis.sinica.edu.tw/search.jsp?q=%E6%9C%AB&stype=0	周末 | 末日 | 粉末 | 芥末	周末 | 末日 | 粉末	TRUE
mono-156	示	示	shì	đình / thị	cho thấy / bộc lộ	cho thấy	bộc lộ	Tượng hình	Đối chiếu hình chữ cổ để nhận ra nét nghĩa gốc; ghi chú nguồn: Origin unclear. Most likely depicts some object of spiritual significance. Most often explained as an altar or a memorial tablet.	0	Viết theo hoạt ảnh từng nét trong ứng dụng; tuân thủ trên trước dưới, trái trước phải.	礻	Khi làm thành phần chữ ghép thường biến thành 礻.	5	Số đếm, Phương hướng & Khái niệm	0	FALSE	https://char.iis.sinica.edu.tw/TTF/getTTF1.aspx?word=%E7%A4%BA&f=%E7%94%B2%E9%AA%A8%E6%96%87&s=200&c=black	https://char.iis.sinica.edu.tw/TTF/getTTF1.aspx?word=%E7%A4%BA&f=%E9%87%91%E6%96%87&s=200&c=black	https://char.iis.sinica.edu.tw/TTF/getTTF1.aspx?word=%E7%A4%BA&f=%E5%B0%8F%E7%AF%86&s=200&c=black	https://chardb.iis.sinica.edu.tw/search.jsp?q=%E7%A4%BA&stype=0	表示 | 显示 | 展示 | 暗示	表示 | 显示 | 展示	TRUE
mono-157	正	正	zhēng	chính	tháng đầu tiên của năm âm lịch	tháng đầu tiên của năm âm lịch		Tượng hình	"Đối chiếu hình chữ cổ để nhận ra nét nghĩa gốc; ghi chú nguồn: Pictograph of a foot (止) heading toward a city. Based on the original meaning ""go on a military campaign"", now written as 征. The meaning later shifted to ""power"", ""rule"" (政), and ""correct"" (正)."	0	Viết theo hoạt ảnh từng nét trong ứng dụng; tuân thủ trên trước dưới, trái trước phải.	正	Thường giữ nguyên hình khi làm thành phần; có thể co hẹp theo vị trí.	5	Số đếm, Phương hướng & Khái niệm	33	TRUE	https://char.iis.sinica.edu.tw/TTF/getTTF1.aspx?word=%E6%AD%A3&f=%E7%94%B2%E9%AA%A8%E6%96%87&s=200&c=black	https://char.iis.sinica.edu.tw/TTF/getTTF1.aspx?word=%E6%AD%A3&f=%E9%87%91%E6%96%87&s=200&c=black	https://char.iis.sinica.edu.tw/TTF/getTTF1.aspx?word=%E6%AD%A3&f=%E5%B0%8F%E7%AF%86&s=200&c=black	https://chardb.iis.sinica.edu.tw/search.jsp?q=%E6%AD%A3&stype=0	正在 | 真正 | 正常 | 正式	正在 | 真正 | 正常	TRUE
mono-158	甘	甘	Gān	bả / cam	họ [Gan1] / viết tắt của tỉnh Cam Túc 甘肅省|甘肃省[Gan1su4 Sheng3]	họ [Gan1]	viết tắt của tỉnh Cam Túc 甘肅省|甘肃省[Gan1su4 Sheng3]	Tượng hình	Đối chiếu hình chữ cổ để nhận ra nét nghĩa gốc; ghi chú nguồn: Pictograph of something sweet inside the mouth (口).	0	Viết theo hoạt ảnh từng nét trong ứng dụng; tuân thủ trên trước dưới, trái trước phải.	甘	Thường giữ nguyên hình khi làm thành phần; có thể co hẹp theo vị trí.	5	Số đếm, Phương hướng & Khái niệm	0	FALSE	https://char.iis.sinica.edu.tw/TTF/getTTF1.aspx?word=%E7%94%98&f=%E7%94%B2%E9%AA%A8%E6%96%87&s=200&c=black	https://char.iis.sinica.edu.tw/TTF/getTTF1.aspx?word=%E7%94%98&f=%E9%87%91%E6%96%87&s=200&c=black	https://char.iis.sinica.edu.tw/TTF/getTTF1.aspx?word=%E7%94%98&f=%E5%B0%8F%E7%AF%86&s=200&c=black	https://chardb.iis.sinica.edu.tw/search.jsp?q=%E7%94%98&stype=0	甘肃 | 甘油 | 心甘情愿 | 甘心	甘肃 | 甘油 | 心甘情愿	TRUE
mono-159	世	世	Shì	thế	họ [Shi4]	họ [Shi4]		Chỉ sự/độc thể	"Đối chiếu hình chữ cổ để nhận ra nét nghĩa gốc; ghi chú nguồn: Three copies of 十 (ten) to make 30, similar to the archaic character 卅 (30). Conveys the meaning ""30-year generation"", also symbolizing a branching family tree."	0	Viết theo hoạt ảnh từng nét trong ứng dụng; tuân thủ trên trước dưới, trái trước phải.	世	Thường giữ nguyên hình khi làm thành phần; có thể co hẹp theo vị trí.	5	Số đếm, Phương hướng & Khái niệm	136	TRUE	https://char.iis.sinica.edu.tw/TTF/getTTF1.aspx?word=%E4%B8%96&f=%E7%94%B2%E9%AA%A8%E6%96%87&s=200&c=black	https://char.iis.sinica.edu.tw/TTF/getTTF1.aspx?word=%E4%B8%96&f=%E9%87%91%E6%96%87&s=200&c=black	https://char.iis.sinica.edu.tw/TTF/getTTF1.aspx?word=%E4%B8%96&f=%E5%B0%8F%E7%AF%86&s=200&c=black	https://chardb.iis.sinica.edu.tw/search.jsp?q=%E4%B8%96&stype=0	世界 | 世纪 | 全世界 | 去世	世界 | 世纪 | 全世界	TRUE
mono-160	本	本	běn	bản	(hình thức kết hợp) gốc; rễ / (hình thức kết hợp) nguồn gốc; nguyên nhân / (hình thức kết hợp) của mình; này / (hình thức kết hợp) này; hiện tại (năm này, v.v.) / (hình thức kết hợp) ban đầu / (hình thức kết hợp) vốn có / nguyên gốc; ban đầu / vốn; chính / lượng từ cho sách, tạp chí, hồ sơ, v.v.	(hình thức kết hợp) gốc; rễ	(hình thức kết hợp) nguồn gốc; nguyên nhân / (hình thức kết hợp) của mình; này / (hình thức kết hợp) này; hiện tại (năm này, v.v.) / (hình thức kết hợp) ban đầu / (hình thức kết hợp) vốn có / nguyên gốc; ban đầu / vốn; chính / lượng từ cho sách, tạp chí, hồ sơ, v.v.	Chỉ sự/độc thể	Đối chiếu hình chữ cổ để nhận ra nét nghĩa gốc; ghi chú nguồn: Addition of a horizontal line toward the bottom of 木 (tree) to represent the roots of the tree.	0	Viết theo hoạt ảnh từng nét trong ứng dụng; tuân thủ trên trước dưới, trái trước phải.	本	Thường giữ nguyên hình khi làm thành phần; có thể co hẹp theo vị trí.	5	Số đếm, Phương hướng & Khái niệm	42	TRUE	https://char.iis.sinica.edu.tw/TTF/getTTF1.aspx?word=%E6%9C%AC&f=%E7%94%B2%E9%AA%A8%E6%96%87&s=200&c=black	https://char.iis.sinica.edu.tw/TTF/getTTF1.aspx?word=%E6%9C%AC&f=%E9%87%91%E6%96%87&s=200&c=black	https://char.iis.sinica.edu.tw/TTF/getTTF1.aspx?word=%E6%9C%AC&f=%E5%B0%8F%E7%AF%86&s=200&c=black	https://chardb.iis.sinica.edu.tw/search.jsp?q=%E6%9C%AC&stype=0	根本 | 日本 | 本来 | 基本	根本 | 日本 | 本来	TRUE
mono-161	术	術	shù	thuật	phương pháp / kỹ thuật	phương pháp	kỹ thuật	Chỉ sự/độc thể	Đối chiếu hình chữ cổ để nhận ra nét nghĩa gốc; ghi chú nguồn: Simplified form of 術. Phonosemantic compound. 行 represents the meaning and 朮 represents the sound. The traditional component 行 was removed for simplification.	0	Viết theo hoạt ảnh từng nét trong ứng dụng; tuân thủ trên trước dưới, trái trước phải.	术	Thường giữ nguyên hình khi làm thành phần; có thể co hẹp theo vị trí.	5	Số đếm, Phương hướng & Khái niệm	135	TRUE	https://char.iis.sinica.edu.tw/TTF/getTTF1.aspx?word=%E6%9C%AF&f=%E7%94%B2%E9%AA%A8%E6%96%87&s=200&c=black	https://char.iis.sinica.edu.tw/TTF/getTTF1.aspx?word=%E6%9C%AF&f=%E9%87%91%E6%96%87&s=200&c=black	https://char.iis.sinica.edu.tw/TTF/getTTF1.aspx?word=%E6%9C%AF&f=%E5%B0%8F%E7%AF%86&s=200&c=black	https://chardb.iis.sinica.edu.tw/search.jsp?q=%E6%9C%AF&stype=0	技术 | 手术 | 艺术 | 艺术家	技术 | 手术 | 艺术	TRUE
mono-162	石	石	Shí	thạch	họ [Shi2] / viết tắt của Thạch Gia Trang 石家莊|石家庄[Shi2jia1zhuang1], thủ phủ của Hà Bắc	họ [Shi2]	viết tắt của Thạch Gia Trang 石家莊|石家庄[Shi2jia1zhuang1], thủ phủ của Hà Bắc	Tượng hình	Đối chiếu hình chữ cổ để nhận ra nét nghĩa gốc; ghi chú nguồn: Pictograph of a stone chime.	0	Viết theo hoạt ảnh từng nét trong ứng dụng; tuân thủ trên trước dưới, trái trước phải.	石	Thường giữ nguyên hình khi làm thành phần; có thể co hẹp theo vị trí.	1	Tự nhiên & Vũ trụ	133	TRUE	https://char.iis.sinica.edu.tw/TTF/getTTF1.aspx?word=%E7%9F%B3&f=%E7%94%B2%E9%AA%A8%E6%96%87&s=200&c=black	https://char.iis.sinica.edu.tw/TTF/getTTF1.aspx?word=%E7%9F%B3&f=%E9%87%91%E6%96%87&s=200&c=black	https://char.iis.sinica.edu.tw/TTF/getTTF1.aspx?word=%E7%9F%B3&f=%E5%B0%8F%E7%AF%86&s=200&c=black	https://chardb.iis.sinica.edu.tw/search.jsp?q=%E7%9F%B3&stype=0	石头 | 石油 | 钻石 | 岩石	石头 | 石油 | 钻石	TRUE
mono-163	戊	戊	wù	mậu	"thiên can thứ năm trong Mười Thiên Can 十天干[shi2 tian1 gan1] / thứ năm trong thứ tự / chữ ""E"" hoặc số La Mã ""V"" trong danh sách ""A, B, C"", hoặc ""I, II, III"" v.v."	thiên can thứ năm trong Mười Thiên Can 十天干[shi2 tian1 gan1]	"thứ năm trong thứ tự / chữ ""E"" hoặc số La Mã ""V"" trong danh sách ""A, B, C"", hoặc ""I, II, III"" v.v."	Tượng hình	Đối chiếu hình chữ cổ để nhận ra nét nghĩa gốc; ghi chú nguồn: Pictograph of an axe. Similar to 戈, 戉, and 戌.	0	Viết theo hoạt ảnh từng nét trong ứng dụng; tuân thủ trên trước dưới, trái trước phải.	戊	Thường giữ nguyên hình khi làm thành phần; có thể co hẹp theo vị trí.	5	Số đếm, Phương hướng & Khái niệm	0	FALSE	https://char.iis.sinica.edu.tw/TTF/getTTF1.aspx?word=%E6%88%8A&f=%E7%94%B2%E9%AA%A8%E6%96%87&s=200&c=black	https://char.iis.sinica.edu.tw/TTF/getTTF1.aspx?word=%E6%88%8A&f=%E9%87%91%E6%96%87&s=200&c=black	https://char.iis.sinica.edu.tw/TTF/getTTF1.aspx?word=%E6%88%8A&f=%E5%B0%8F%E7%AF%86&s=200&c=black	https://chardb.iis.sinica.edu.tw/search.jsp?q=%E6%88%8A&stype=0	戊戌 | 戊辰 | 戊寅 | 戊午	戊戌 | 戊辰 | 戊寅	TRUE
mono-164	龙	龍	Lóng	long	họ [Long2]	họ [Long2]		Tượng hình	Đối chiếu hình chữ cổ để nhận ra nét nghĩa gốc; ghi chú nguồn: Pictograph of a dragon curled up. The simplified character 龙 was adapted from the cursive form of the traditional character 龍.	0	Viết theo hoạt ảnh từng nét trong ứng dụng; tuân thủ trên trước dưới, trái trước phải.	龙	Thường giữ nguyên hình khi làm thành phần; có thể co hẹp theo vị trí.	3	Động vật & Thực vật	109	TRUE	https://char.iis.sinica.edu.tw/TTF/getTTF1.aspx?word=%E9%BE%99&f=%E7%94%B2%E9%AA%A8%E6%96%87&s=200&c=black	https://char.iis.sinica.edu.tw/TTF/getTTF1.aspx?word=%E9%BE%99&f=%E9%87%91%E6%96%87&s=200&c=black	https://char.iis.sinica.edu.tw/TTF/getTTF1.aspx?word=%E9%BE%99&f=%E5%B0%8F%E7%AF%86&s=200&c=black	https://chardb.iis.sinica.edu.tw/search.jsp?q=%E9%BE%99&stype=0	恐龙 | 龙头 | 龙虾 | 飞龙	恐龙 | 龙头 | 龙虾	TRUE
mono-165	平	平	Píng	bình	họ [Ping2]	họ [Ping2]		Chỉ sự/độc thể	Đối chiếu hình chữ cổ để nhận ra nét nghĩa gốc; ghi chú nguồn: Origin unclear.	0	Viết theo hoạt ảnh từng nét trong ứng dụng; tuân thủ trên trước dưới, trái trước phải.	平	Thường giữ nguyên hình khi làm thành phần; có thể co hẹp theo vị trí.	5	Số đếm, Phương hướng & Khái niệm	114	TRUE	https://char.iis.sinica.edu.tw/TTF/getTTF1.aspx?word=%E5%B9%B3&f=%E7%94%B2%E9%AA%A8%E6%96%87&s=200&c=black	https://char.iis.sinica.edu.tw/TTF/getTTF1.aspx?word=%E5%B9%B3&f=%E9%87%91%E6%96%87&s=200&c=black	https://char.iis.sinica.edu.tw/TTF/getTTF1.aspx?word=%E5%B9%B3&f=%E5%B0%8F%E7%AF%86&s=200&c=black	https://chardb.iis.sinica.edu.tw/search.jsp?q=%E5%B9%B3&stype=0	水平 | 公平 | 和平 | 平均	水平 | 公平 | 和平	TRUE
mono-166	东	東	Dōng	hốc / đông	họ [Dong1]	họ [Dong1]		Tượng hình	"Đối chiếu hình chữ cổ để nhận ra nét nghĩa gốc; ghi chú nguồn: Pictograph of a basket or a bag. The current meaning ""east"" is a phonetic loan. The simplified character 东 was adapted from the cursive form of the traditional character 東."	0	Viết theo hoạt ảnh từng nét trong ứng dụng; tuân thủ trên trước dưới, trái trước phải.	东	Thường giữ nguyên hình khi làm thành phần; có thể co hẹp theo vị trí.	5	Số đếm, Phương hướng & Khái niệm	106	TRUE	https://char.iis.sinica.edu.tw/TTF/getTTF1.aspx?word=%E4%B8%9C&f=%E7%94%B2%E9%AA%A8%E6%96%87&s=200&c=black	https://char.iis.sinica.edu.tw/TTF/getTTF1.aspx?word=%E4%B8%9C&f=%E9%87%91%E6%96%87&s=200&c=black	https://char.iis.sinica.edu.tw/TTF/getTTF1.aspx?word=%E4%B8%9C&f=%E5%B0%8F%E7%AF%86&s=200&c=black	https://chardb.iis.sinica.edu.tw/search.jsp?q=%E4%B8%9C&stype=0	东西 | 股东 | 广东 | 山东	东西 | 股东 | 广东	TRUE
mono-167	戋	戔	jiān	tiên	hẹp / nhỏ	hẹp	nhỏ	Chỉ sự/độc thể	"Đối chiếu hình chữ cổ để nhận ra nét nghĩa gốc; ghi chú nguồn: Simplified form of 戔. Combination of two weapons (戈), based on the original meaning ""destroy"", now written as 殘."	0	Viết theo hoạt ảnh từng nét trong ứng dụng; tuân thủ trên trước dưới, trái trước phải.	戋	Thường giữ nguyên hình khi làm thành phần; có thể co hẹp theo vị trí.	5	Số đếm, Phương hướng & Khái niệm	0	FALSE	https://char.iis.sinica.edu.tw/TTF/getTTF1.aspx?word=%E6%88%8B&f=%E7%94%B2%E9%AA%A8%E6%96%87&s=200&c=black	https://char.iis.sinica.edu.tw/TTF/getTTF1.aspx?word=%E6%88%8B&f=%E9%87%91%E6%96%87&s=200&c=black	https://char.iis.sinica.edu.tw/TTF/getTTF1.aspx?word=%E6%88%8B&f=%E5%B0%8F%E7%AF%86&s=200&c=black	https://chardb.iis.sinica.edu.tw/search.jsp?q=%E6%88%8B&stype=0			TRUE
mono-168	凸	凸	tū	đột	nhô ra; lồi; mặt lồi; dương (đầu nối, v.v.) / phiên âm Đài Loan [tu2]	nhô ra; lồi; mặt lồi; dương (đầu nối, v.v.)	phiên âm Đài Loan [tu2]	Tượng hình	Đối chiếu hình chữ cổ để nhận ra nét nghĩa gốc; ghi chú nguồn: Pictograph of a bump sticking out. Opposite of 凹.	0	Viết theo hoạt ảnh từng nét trong ứng dụng; tuân thủ trên trước dưới, trái trước phải.	凸	Thường giữ nguyên hình khi làm thành phần; có thể co hẹp theo vị trí.	5	Số đếm, Phương hướng & Khái niệm	0	FALSE	https://char.iis.sinica.edu.tw/TTF/getTTF1.aspx?word=%E5%87%B8&f=%E7%94%B2%E9%AA%A8%E6%96%87&s=200&c=black	https://char.iis.sinica.edu.tw/TTF/getTTF1.aspx?word=%E5%87%B8&f=%E9%87%91%E6%96%87&s=200&c=black	https://char.iis.sinica.edu.tw/TTF/getTTF1.aspx?word=%E5%87%B8&f=%E5%B0%8F%E7%AF%86&s=200&c=black	https://chardb.iis.sinica.edu.tw/search.jsp?q=%E5%87%B8&stype=0	凸现 | 凸显 | 凸出 | 凸起	凸现 | 凸显 | 凸出	TRUE
mono-169	业	業	Yè	nghiệp	họ [Ye4]	họ [Ye4]		Chỉ sự/độc thể	Đối chiếu hình chữ cổ để nhận ra nét nghĩa gốc; ghi chú nguồn: Simplified form of 業. Origin unclear.	0	Viết theo hoạt ảnh từng nét trong ứng dụng; tuân thủ trên trước dưới, trái trước phải.	业	Thường giữ nguyên hình khi làm thành phần; có thể co hẹp theo vị trí.	5	Số đếm, Phương hướng & Khái niệm	0	FALSE	https://char.iis.sinica.edu.tw/TTF/getTTF1.aspx?word=%E4%B8%9A&f=%E7%94%B2%E9%AA%A8%E6%96%87&s=200&c=black	https://char.iis.sinica.edu.tw/TTF/getTTF1.aspx?word=%E4%B8%9A&f=%E9%87%91%E6%96%87&s=200&c=black	https://char.iis.sinica.edu.tw/TTF/getTTF1.aspx?word=%E4%B8%9A&f=%E5%B0%8F%E7%AF%86&s=200&c=black	https://chardb.iis.sinica.edu.tw/search.jsp?q=%E4%B8%9A&stype=0	企业 | 职业 | 专业 | 事业	企业 | 职业 | 专业	TRUE
mono-170	目	目	mù	mục	mắt / (văn học) nhìn; quan sát / mắt lưới; ô lưới / kích thước mắt lưới; độ hạt (viết tắt của 目數|目数[mu4 shu4]) / mục; phần / danh sách; mục lục / (phân loại) bộ / tên; tiêu đề	mắt	(văn học) nhìn; quan sát / mắt lưới; ô lưới / kích thước mắt lưới; độ hạt (viết tắt của 目數|目数[mu4 shu4]) / mục; phần / danh sách; mục lục / (phân loại) bộ / tên; tiêu đề	Tượng hình	Đối chiếu hình chữ cổ để nhận ra nét nghĩa gốc; ghi chú nguồn: Pictograph of an eye.	0	Viết theo hoạt ảnh từng nét trong ứng dụng; tuân thủ trên trước dưới, trái trước phải.	目	Thường giữ nguyên hình khi làm thành phần; có thể co hẹp theo vị trí.	2	Con người & Cơ thể	0	FALSE	https://char.iis.sinica.edu.tw/TTF/getTTF1.aspx?word=%E7%9B%AE&f=%E7%94%B2%E9%AA%A8%E6%96%87&s=200&c=black	https://char.iis.sinica.edu.tw/TTF/getTTF1.aspx?word=%E7%9B%AE&f=%E9%87%91%E6%96%87&s=200&c=black	https://char.iis.sinica.edu.tw/TTF/getTTF1.aspx?word=%E7%9B%AE&f=%E5%B0%8F%E7%AF%86&s=200&c=black	https://chardb.iis.sinica.edu.tw/search.jsp?q=%E7%9B%AE&stype=0	目前 | 节目 | 目标 | 项目	目前 | 节目 | 目标	TRUE
mono-171	且	且	qiě	thả	và / hơn nữa / tuy nhiên / tạm thời / sắp / cả (... và...)	và	hơn nữa / tuy nhiên / tạm thời / sắp / cả (... và...)	Tượng hình	"Đối chiếu hình chữ cổ để nhận ra nét nghĩa gốc; ghi chú nguồn: Originally a pictograph of a sacrificial altar. The current meaning ""moreover"" is a phonetic loan."	0	Viết theo hoạt ảnh từng nét trong ứng dụng; tuân thủ trên trước dưới, trái trước phải.	且	Thường giữ nguyên hình khi làm thành phần; có thể co hẹp theo vị trí.	5	Số đếm, Phương hướng & Khái niệm	140	TRUE	https://char.iis.sinica.edu.tw/TTF/getTTF1.aspx?word=%E4%B8%94&f=%E7%94%B2%E9%AA%A8%E6%96%87&s=200&c=black	https://char.iis.sinica.edu.tw/TTF/getTTF1.aspx?word=%E4%B8%94&f=%E9%87%91%E6%96%87&s=200&c=black	https://char.iis.sinica.edu.tw/TTF/getTTF1.aspx?word=%E4%B8%94&f=%E5%B0%8F%E7%AF%86&s=200&c=black	https://chardb.iis.sinica.edu.tw/search.jsp?q=%E4%B8%94&stype=0	而且 | 并且 | 况且 | 暂且	而且 | 并且 | 况且	TRUE
mono-172	甲	甲	jiǎ	giáp	"thiên can đầu tiên trong mười thiên can 十天干[shi2 tian1 gan1] / (dùng cho người hoặc vật không xác định) / đầu tiên (trong danh sách, là bên trong hợp đồng, v.v.) / chữ ""A"" hoặc số la mã ""I"" trong danh sách ""A, B, C"" hoặc ""I, II, III"", v.v. / mạ giáp / vỏ cứng hoặc mai / (của ngón tay hoặc ngón chân) móng / áo giáp da hoặc kim loại (xưa) / hệ thống xếp hạng dùng trong kỳ thi khoa bảng (xưa) / đơn vị hành chính dân sự trong hệ thống bảo giáp 保甲[bao3 jia3] (xưa) / hướng la bàn Trung Quốc cổ: 75°"	thiên can đầu tiên trong mười thiên can 十天干[shi2 tian1 gan1]	"(dùng cho người hoặc vật không xác định) / đầu tiên (trong danh sách, là bên trong hợp đồng, v.v.) / chữ ""A"" hoặc số la mã ""I"" trong danh sách ""A, B, C"" hoặc ""I, II, III"", v.v. / mạ giáp / vỏ cứng hoặc mai / (của ngón tay hoặc ngón chân) móng / áo giáp da hoặc kim loại (xưa) / hệ thống xếp hạng dùng trong kỳ thi khoa bảng (xưa) / đơn vị hành chính dân sự trong hệ thống bảo giáp 保甲[bao3 jia3] (xưa) / hướng la bàn Trung Quốc cổ: 75°"	Tượng hình	Đối chiếu hình chữ cổ để nhận ra nét nghĩa gốc; ghi chú nguồn: Pictograph of a turtle shell.	0	Viết theo hoạt ảnh từng nét trong ứng dụng; tuân thủ trên trước dưới, trái trước phải.	甲	Thường giữ nguyên hình khi làm thành phần; có thể co hẹp theo vị trí.	5	Số đếm, Phương hướng & Khái niệm	0	FALSE	https://char.iis.sinica.edu.tw/TTF/getTTF1.aspx?word=%E7%94%B2&f=%E7%94%B2%E9%AA%A8%E6%96%87&s=200&c=black	https://char.iis.sinica.edu.tw/TTF/getTTF1.aspx?word=%E7%94%B2&f=%E9%87%91%E6%96%87&s=200&c=black	https://char.iis.sinica.edu.tw/TTF/getTTF1.aspx?word=%E7%94%B2&f=%E5%B0%8F%E7%AF%86&s=200&c=black	https://chardb.iis.sinica.edu.tw/search.jsp?q=%E7%94%B2&stype=0	指甲 | 甲板 | 装甲 | 甲状腺	指甲 | 甲板 | 装甲	TRUE
mono-173	申	申	Shēn	thân	tên cũ của Thượng Hải 上海[Shang4hai3] / họ [Shen1]	tên cũ của Thượng Hải 上海[Shang4hai3]	họ [Shen1]	Tượng hình	Đối chiếu hình chữ cổ để nhận ra nét nghĩa gốc; ghi chú nguồn: Pictograph of a lightning bolt. The current meaning is a phonetic loan.	0	Viết theo hoạt ảnh từng nét trong ứng dụng; tuân thủ trên trước dưới, trái trước phải.	申	Thường giữ nguyên hình khi làm thành phần; có thể co hẹp theo vị trí.	5	Số đếm, Phương hướng & Khái niệm	0	FALSE	https://char.iis.sinica.edu.tw/TTF/getTTF1.aspx?word=%E7%94%B3&f=%E7%94%B2%E9%AA%A8%E6%96%87&s=200&c=black	https://char.iis.sinica.edu.tw/TTF/getTTF1.aspx?word=%E7%94%B3&f=%E9%87%91%E6%96%87&s=200&c=black	https://char.iis.sinica.edu.tw/TTF/getTTF1.aspx?word=%E7%94%B3&f=%E5%B0%8F%E7%AF%86&s=200&c=black	https://chardb.iis.sinica.edu.tw/search.jsp?q=%E7%94%B3&stype=0	申请 | 申报 | 重申 | 申诉	申请 | 申报 | 重申	TRUE
mono-174	电	電	diàn	điện	sét / điện / dạng kết hợp của điện / bị (hoặc gây) điện giật / cuộc gọi điện thoại hoặc điện báo, v.v. / gửi qua điện thoại hoặc điện báo, v.v.	sét	điện / dạng kết hợp của điện / bị (hoặc gây) điện giật / cuộc gọi điện thoại hoặc điện báo, v.v. / gửi qua điện thoại hoặc điện báo, v.v.	Tượng hình	Đối chiếu hình chữ cổ để nhận ra nét nghĩa gốc; ghi chú nguồn: Originally a variant form of 申, a pictograph of a lightning bolt. The traditional form 電 adds the 雨 (rain) component.	0	Viết theo hoạt ảnh từng nét trong ứng dụng; tuân thủ trên trước dưới, trái trước phải.	电	Thường giữ nguyên hình khi làm thành phần; có thể co hẹp theo vị trí.	1	Tự nhiên & Vũ trụ	103	TRUE	https://char.iis.sinica.edu.tw/TTF/getTTF1.aspx?word=%E7%94%B5&f=%E7%94%B2%E9%AA%A8%E6%96%87&s=200&c=black	https://char.iis.sinica.edu.tw/TTF/getTTF1.aspx?word=%E7%94%B5&f=%E9%87%91%E6%96%87&s=200&c=black	https://char.iis.sinica.edu.tw/TTF/getTTF1.aspx?word=%E7%94%B5&f=%E5%B0%8F%E7%AF%86&s=200&c=black	https://chardb.iis.sinica.edu.tw/search.jsp?q=%E7%94%B5&stype=0	电话 | 打电话 | 电影 | 电视	电话 | 打电话 | 电影	TRUE
mono-175	田	田	Tián	điền	họ [Tian2]	họ [Tian2]		Tượng hình	Đối chiếu hình chữ cổ để nhận ra nét nghĩa gốc; ghi chú nguồn: Pictograph of a field.	0	Viết theo hoạt ảnh từng nét trong ứng dụng; tuân thủ trên trước dưới, trái trước phải.	田	Thường giữ nguyên hình khi làm thành phần; có thể co hẹp theo vị trí.	1	Tự nhiên & Vũ trụ	0	FALSE	https://char.iis.sinica.edu.tw/TTF/getTTF1.aspx?word=%E7%94%B0&f=%E7%94%B2%E9%AA%A8%E6%96%87&s=200&c=black	https://char.iis.sinica.edu.tw/TTF/getTTF1.aspx?word=%E7%94%B0&f=%E9%87%91%E6%96%87&s=200&c=black	https://char.iis.sinica.edu.tw/TTF/getTTF1.aspx?word=%E7%94%B0&f=%E5%B0%8F%E7%AF%86&s=200&c=black	https://chardb.iis.sinica.edu.tw/search.jsp?q=%E7%94%B0&stype=0	油田 | 丰田 | 田径 | 本田	油田 | 丰田 | 田径	TRUE
mono-176	由	由	yóu	do	theo / từ / bởi vì; do / bằng; qua; thông qua / (trước danh từ và động từ) là để ... làm ...	theo	từ / bởi vì; do / bằng; qua; thông qua / (trước danh từ và động từ) là để ... làm ...	Chỉ sự/độc thể	Đối chiếu hình chữ cổ để nhận ra nét nghĩa gốc; ghi chú nguồn: Origin unclear.	0	Viết theo hoạt ảnh từng nét trong ứng dụng; tuân thủ trên trước dưới, trái trước phải.	由	Thường giữ nguyên hình khi làm thành phần; có thể co hẹp theo vị trí.	5	Số đếm, Phương hướng & Khái niệm	58	TRUE	https://char.iis.sinica.edu.tw/TTF/getTTF1.aspx?word=%E7%94%B1&f=%E7%94%B2%E9%AA%A8%E6%96%87&s=200&c=black	https://char.iis.sinica.edu.tw/TTF/getTTF1.aspx?word=%E7%94%B1&f=%E9%87%91%E6%96%87&s=200&c=black	https://char.iis.sinica.edu.tw/TTF/getTTF1.aspx?word=%E7%94%B1&f=%E5%B0%8F%E7%AF%86&s=200&c=black	https://chardb.iis.sinica.edu.tw/search.jsp?q=%E7%94%B1&stype=0	由于 | 自由 | 理由 | 由此	由于 | 自由 | 理由	TRUE
mono-177	史	史	Shǐ	sử	họ [Shi3]	họ [Shi3]		Chỉ sự/độc thể	Đối chiếu hình chữ cổ để nhận ra nét nghĩa gốc; ghi chú nguồn: The characters 史 (history), 吏 (government official), 使 (cause; use; instruct), and 事 (matter; work; affair) are all etymologically related and all derive from the same ancient character, depicting a hand (又) holding some object. There are various theories about theories about what this object is, including a writing utensil, a container for official documents, a flag, or a hunting tool. These four characters were originally all written the same, but later marks were added to distinguish them.	0	Viết theo hoạt ảnh từng nét trong ứng dụng; tuân thủ trên trước dưới, trái trước phải.	史	Thường giữ nguyên hình khi làm thành phần; có thể co hẹp theo vị trí.	5	Số đếm, Phương hướng & Khái niệm	112	TRUE	https://char.iis.sinica.edu.tw/TTF/getTTF1.aspx?word=%E5%8F%B2&f=%E7%94%B2%E9%AA%A8%E6%96%87&s=200&c=black	https://char.iis.sinica.edu.tw/TTF/getTTF1.aspx?word=%E5%8F%B2&f=%E9%87%91%E6%96%87&s=200&c=black	https://char.iis.sinica.edu.tw/TTF/getTTF1.aspx?word=%E5%8F%B2&f=%E5%B0%8F%E7%AF%86&s=200&c=black	https://chardb.iis.sinica.edu.tw/search.jsp?q=%E5%8F%B2&stype=0	历史 | 历史上 | 有史以来 | 史蒂夫	历史 | 历史上 | 有史以来	TRUE
mono-178	央	央	yāng	ương	trung tâm / kết thúc / cầu xin / nài nỉ	trung tâm	kết thúc / cầu xin / nài nỉ	Tượng hình	Đối chiếu hình chữ cổ để nhận ra nét nghĩa gốc; ghi chú nguồn: Pictograph of a person (大) with a cangue (torture device for punishing criminals) around his neck. People wearing such devices were not able to reach their mouth with their own hands, and were forced to beg for food.	0	Viết theo hoạt ảnh từng nét trong ứng dụng; tuân thủ trên trước dưới, trái trước phải.	央	Thường giữ nguyên hình khi làm thành phần; có thể co hẹp theo vị trí.	5	Số đếm, Phương hướng & Khái niệm	0	FALSE	https://char.iis.sinica.edu.tw/TTF/getTTF1.aspx?word=%E5%A4%AE&f=%E7%94%B2%E9%AA%A8%E6%96%87&s=200&c=black	https://char.iis.sinica.edu.tw/TTF/getTTF1.aspx?word=%E5%A4%AE&f=%E9%87%91%E6%96%87&s=200&c=black	https://char.iis.sinica.edu.tw/TTF/getTTF1.aspx?word=%E5%A4%AE&f=%E5%B0%8F%E7%AF%86&s=200&c=black	https://chardb.iis.sinica.edu.tw/search.jsp?q=%E5%A4%AE&stype=0	中央 | 央行 | 央视 | 党中央	中央 | 央行 | 央视	TRUE
mono-179	冉	冄	rǎn	nhiễm	biến thể của 冉[ran3]	biến thể của 冉[ran3]		Tượng hình	Đối chiếu hình chữ cổ để nhận ra nét nghĩa gốc; ghi chú nguồn: Pictograph of two strands of something drooping.	0	Viết theo hoạt ảnh từng nét trong ứng dụng; tuân thủ trên trước dưới, trái trước phải.	冉	Thường giữ nguyên hình khi làm thành phần; có thể co hẹp theo vị trí.	5	Số đếm, Phương hướng & Khái niệm	0	FALSE	https://char.iis.sinica.edu.tw/TTF/getTTF1.aspx?word=%E5%86%89&f=%E7%94%B2%E9%AA%A8%E6%96%87&s=200&c=black	https://char.iis.sinica.edu.tw/TTF/getTTF1.aspx?word=%E5%86%89&f=%E9%87%91%E6%96%87&s=200&c=black	https://char.iis.sinica.edu.tw/TTF/getTTF1.aspx?word=%E5%86%89&f=%E5%B0%8F%E7%AF%86&s=200&c=black	https://chardb.iis.sinica.edu.tw/search.jsp?q=%E5%86%89&stype=0	冉冉	冉冉	TRUE
mono-180	皿	皿	mǐn	mãnh	(hình vị hạn chế) đĩa; đồ chứa; vật chứa nông / bộ số 108	(hình vị hạn chế) đĩa; đồ chứa; vật chứa nông	bộ số 108	Tượng hình	Đối chiếu hình chữ cổ để nhận ra nét nghĩa gốc; ghi chú nguồn: Pictograph of a container for holding food.	0	Viết theo hoạt ảnh từng nét trong ứng dụng; tuân thủ trên trước dưới, trái trước phải.	皿	Thường giữ nguyên hình khi làm thành phần; có thể co hẹp theo vị trí.	4	Đồ vật & Công cụ	0	FALSE	https://char.iis.sinica.edu.tw/TTF/getTTF1.aspx?word=%E7%9A%BF&f=%E7%94%B2%E9%AA%A8%E6%96%87&s=200&c=black	https://char.iis.sinica.edu.tw/TTF/getTTF1.aspx?word=%E7%9A%BF&f=%E9%87%91%E6%96%87&s=200&c=black	https://char.iis.sinica.edu.tw/TTF/getTTF1.aspx?word=%E7%9A%BF&f=%E5%B0%8F%E7%AF%86&s=200&c=black	https://chardb.iis.sinica.edu.tw/search.jsp?q=%E7%9A%BF&stype=0	器皿 | 培养皿	器皿 | 培养皿	TRUE
mono-181	凹	凹	āo	ao	lõm; hạ thấp; chìm; thụt; cái (đầu nối, v.v.)	lõm; hạ thấp; chìm; thụt; cái (đầu nối, v.v.)		Tượng hình	Đối chiếu hình chữ cổ để nhận ra nét nghĩa gốc; ghi chú nguồn: Pictograph of a concavity. Opposite of 凸.	0	Viết theo hoạt ảnh từng nét trong ứng dụng; tuân thủ trên trước dưới, trái trước phải.	凹	Thường giữ nguyên hình khi làm thành phần; có thể co hẹp theo vị trí.	5	Số đếm, Phương hướng & Khái niệm	0	FALSE	https://char.iis.sinica.edu.tw/TTF/getTTF1.aspx?word=%E5%87%B9&f=%E7%94%B2%E9%AA%A8%E6%96%87&s=200&c=black	https://char.iis.sinica.edu.tw/TTF/getTTF1.aspx?word=%E5%87%B9&f=%E9%87%91%E6%96%87&s=200&c=black	https://char.iis.sinica.edu.tw/TTF/getTTF1.aspx?word=%E5%87%B9&f=%E5%B0%8F%E7%AF%86&s=200&c=black	https://chardb.iis.sinica.edu.tw/search.jsp?q=%E5%87%B9&stype=0	凹陷 | 凹槽 | 凹凸不平 | 凹凸	凹陷 | 凹槽 | 凹凸不平	TRUE
mono-182	生	生	shēng	sinh	được sinh / sinh ra / cuộc sống / phát triển / sống / chưa chín / học sinh	được sinh	sinh ra / cuộc sống / phát triển / sống / chưa chín / học sinh	Tượng hình	Đối chiếu hình chữ cổ để nhận ra nét nghĩa gốc; ghi chú nguồn: Pictograph of a sprout emerging from the ground.	0	Viết theo hoạt ảnh từng nét trong ứng dụng; tuân thủ trên trước dưới, trái trước phải.	生	Thường giữ nguyên hình khi làm thành phần; có thể co hẹp theo vị trí.	3	Động vật & Thực vật	57	TRUE	https://char.iis.sinica.edu.tw/TTF/getTTF1.aspx?word=%E7%94%9F&f=%E7%94%B2%E9%AA%A8%E6%96%87&s=200&c=black	https://char.iis.sinica.edu.tw/TTF/getTTF1.aspx?word=%E7%94%9F&f=%E9%87%91%E6%96%87&s=200&c=black	https://char.iis.sinica.edu.tw/TTF/getTTF1.aspx?word=%E7%94%9F&f=%E5%B0%8F%E7%AF%86&s=200&c=black	https://chardb.iis.sinica.edu.tw/search.jsp?q=%E7%94%9F&stype=0	先生 | 发生 | 生活 | 医生	先生 | 发生 | 生活	TRUE
mono-183	矢	矢	shǐ	ngao / thỉ	mũi tên / ngọn lao / thẳng / thề / nguyền / biến thể cũ của 屎[shi3]	mũi tên	ngọn lao / thẳng / thề / nguyền / biến thể cũ của 屎[shi3]	Tượng hình	Đối chiếu hình chữ cổ để nhận ra nét nghĩa gốc; ghi chú nguồn: Pictograph of an arrow.	0	Viết theo hoạt ảnh từng nét trong ứng dụng; tuân thủ trên trước dưới, trái trước phải.	矢	Thường giữ nguyên hình khi làm thành phần; có thể co hẹp theo vị trí.	4	Đồ vật & Công cụ	0	FALSE	https://char.iis.sinica.edu.tw/TTF/getTTF1.aspx?word=%E7%9F%A2&f=%E7%94%B2%E9%AA%A8%E6%96%87&s=200&c=black	https://char.iis.sinica.edu.tw/TTF/getTTF1.aspx?word=%E7%9F%A2&f=%E9%87%91%E6%96%87&s=200&c=black	https://char.iis.sinica.edu.tw/TTF/getTTF1.aspx?word=%E7%9F%A2&f=%E5%B0%8F%E7%AF%86&s=200&c=black	https://chardb.iis.sinica.edu.tw/search.jsp?q=%E7%9F%A2&stype=0	众矢之的 | 矢量 | 矢口否认 | 矢志	众矢之的 | 矢量 | 矢口否认	TRUE
mono-184	失	失	shī	thất	mất / lỡ / thất bại	mất	lỡ / thất bại	Tượng hình	Đối chiếu hình chữ cổ để nhận ra nét nghĩa gốc; ghi chú nguồn: Pictograph of something falling out of the hand.	0	Viết theo hoạt ảnh từng nét trong ứng dụng; tuân thủ trên trước dưới, trái trước phải.	失	Thường giữ nguyên hình khi làm thành phần; có thể co hẹp theo vị trí.	5	Số đếm, Phương hướng & Khái niệm	134	TRUE	https://char.iis.sinica.edu.tw/TTF/getTTF1.aspx?word=%E5%A4%B1&f=%E7%94%B2%E9%AA%A8%E6%96%87&s=200&c=black	https://char.iis.sinica.edu.tw/TTF/getTTF1.aspx?word=%E5%A4%B1&f=%E9%87%91%E6%96%87&s=200&c=black	https://char.iis.sinica.edu.tw/TTF/getTTF1.aspx?word=%E5%A4%B1&f=%E5%B0%8F%E7%AF%86&s=200&c=black	https://chardb.iis.sinica.edu.tw/search.jsp?q=%E5%A4%B1&stype=0	失去 | 消失 | 失败 | 失望	失去 | 消失 | 失败	TRUE
mono-185	乍	乍	zhà	chạ	lúc đầu / đột nhiên / đột ngột / xù lên / (tóc) dựng đứng / dựng ngược	lúc đầu	đột nhiên / đột ngột / xù lên / (tóc) dựng đứng / dựng ngược	Tượng hình	Đối chiếu hình chữ cổ để nhận ra nét nghĩa gốc; ghi chú nguồn: Pictograph of a tool for cutting grass.	0	Viết theo hoạt ảnh từng nét trong ứng dụng; tuân thủ trên trước dưới, trái trước phải.	乍	Thường giữ nguyên hình khi làm thành phần; có thể co hẹp theo vị trí.	5	Số đếm, Phương hướng & Khái niệm	0	FALSE	https://char.iis.sinica.edu.tw/TTF/getTTF1.aspx?word=%E4%B9%8D&f=%E7%94%B2%E9%AA%A8%E6%96%87&s=200&c=black	https://char.iis.sinica.edu.tw/TTF/getTTF1.aspx?word=%E4%B9%8D&f=%E9%87%91%E6%96%87&s=200&c=black	https://char.iis.sinica.edu.tw/TTF/getTTF1.aspx?word=%E4%B9%8D&f=%E5%B0%8F%E7%AF%86&s=200&c=black	https://chardb.iis.sinica.edu.tw/search.jsp?q=%E4%B9%8D&stype=0	初来乍到 | 乍得 | 乍看 | 乍浦	初来乍到 | 乍得 | 乍看	TRUE
mono-186	禾	禾	hé	hoà	ngũ cốc / lúa	ngũ cốc	lúa	Tượng hình	Đối chiếu hình chữ cổ để nhận ra nét nghĩa gốc; ghi chú nguồn: Pictograph of grain.	0	Viết theo hoạt ảnh từng nét trong ứng dụng; tuân thủ trên trước dưới, trái trước phải.	禾	Thường giữ nguyên hình khi làm thành phần; có thể co hẹp theo vị trí.	3	Động vật & Thực vật	0	FALSE	https://char.iis.sinica.edu.tw/TTF/getTTF1.aspx?word=%E7%A6%BE&f=%E7%94%B2%E9%AA%A8%E6%96%87&s=200&c=black	https://char.iis.sinica.edu.tw/TTF/getTTF1.aspx?word=%E7%A6%BE&f=%E9%87%91%E6%96%87&s=200&c=black	https://char.iis.sinica.edu.tw/TTF/getTTF1.aspx?word=%E7%A6%BE&f=%E5%B0%8F%E7%AF%86&s=200&c=black	https://chardb.iis.sinica.edu.tw/search.jsp?q=%E7%A6%BE&stype=0	嘉禾 | 禾苗 | 禾本科 | 嘉禾县	嘉禾 | 禾苗 | 禾本科	TRUE
mono-187	丘	丘	Qiū	khâu	họ [Qiu1]	họ [Qiu1]		Chỉ sự/độc thể	Đối chiếu hình chữ cổ để nhận ra nét nghĩa gốc; ghi chú nguồn: Two hills	0	Viết theo hoạt ảnh từng nét trong ứng dụng; tuân thủ trên trước dưới, trái trước phải.	丘	Thường giữ nguyên hình khi làm thành phần; có thể co hẹp theo vị trí.	1	Tự nhiên & Vũ trụ	0	FALSE	https://char.iis.sinica.edu.tw/TTF/getTTF1.aspx?word=%E4%B8%98&f=%E7%94%B2%E9%AA%A8%E6%96%87&s=200&c=black	https://char.iis.sinica.edu.tw/TTF/getTTF1.aspx?word=%E4%B8%98&f=%E9%87%91%E6%96%87&s=200&c=black	https://char.iis.sinica.edu.tw/TTF/getTTF1.aspx?word=%E4%B8%98&f=%E5%B0%8F%E7%AF%86&s=200&c=black	https://chardb.iis.sinica.edu.tw/search.jsp?q=%E4%B8%98&stype=0	山丘 | 沙丘 | 丘吉尔 | 丘陵	山丘 | 沙丘 | 丘吉尔	TRUE
mono-188	白	白	Bái	bạch	họ [Bai2]	họ [Bai2]		Chỉ sự/độc thể	"Đối chiếu hình chữ cổ để nhận ra nét nghĩa gốc; ghi chú nguồn: Origin unclear. Used in ancient texts to mean ""white"" and ""hundred"" (百)."	0	Viết theo hoạt ảnh từng nét trong ứng dụng; tuân thủ trên trước dưới, trái trước phải.	白	Thường giữ nguyên hình khi làm thành phần; có thể co hẹp theo vị trí.	5	Số đếm, Phương hướng & Khái niệm	81	TRUE	https://char.iis.sinica.edu.tw/TTF/getTTF1.aspx?word=%E7%99%BD&f=%E7%94%B2%E9%AA%A8%E6%96%87&s=200&c=black	https://char.iis.sinica.edu.tw/TTF/getTTF1.aspx?word=%E7%99%BD&f=%E9%87%91%E6%96%87&s=200&c=black	https://char.iis.sinica.edu.tw/TTF/getTTF1.aspx?word=%E7%99%BD&f=%E5%B0%8F%E7%AF%86&s=200&c=black	https://chardb.iis.sinica.edu.tw/search.jsp?q=%E7%99%BD&stype=0	明白 | 白痴 | 白色 | 白天	明白 | 白痴 | 白色	TRUE
mono-189	斥	斥	chì	xịch	trách móc / khiển trách / quở trách / đuổi / phế truất / trinh sát / (về lãnh thổ) mở rộng / đầm lầy mặn	trách móc	khiển trách / quở trách / đuổi / phế truất / trinh sát / (về lãnh thổ) mở rộng / đầm lầy mặn	Chỉ sự/độc thể	Đối chiếu hình chữ cổ để nhận ra nét nghĩa gốc; ghi chú nguồn: Originally written as 㡿. Composed of 广 (roof) and 屰 (contrary; oppose). The purpose of the 广 component is unclear.	0	Viết theo hoạt ảnh từng nét trong ứng dụng; tuân thủ trên trước dưới, trái trước phải.	斥	Thường giữ nguyên hình khi làm thành phần; có thể co hẹp theo vị trí.	5	Số đếm, Phương hướng & Khái niệm	0	FALSE	https://char.iis.sinica.edu.tw/TTF/getTTF1.aspx?word=%E6%96%A5&f=%E7%94%B2%E9%AA%A8%E6%96%87&s=200&c=black	https://char.iis.sinica.edu.tw/TTF/getTTF1.aspx?word=%E6%96%A5&f=%E9%87%91%E6%96%87&s=200&c=black	https://char.iis.sinica.edu.tw/TTF/getTTF1.aspx?word=%E6%96%A5&f=%E5%B0%8F%E7%AF%86&s=200&c=black	https://chardb.iis.sinica.edu.tw/search.jsp?q=%E6%96%A5&stype=0	排斥 | 充斥 | 训斥 | 斥责	排斥 | 充斥 | 训斥	TRUE
mono-190	瓜	瓜	guā	qua	dưa / quả bầu / bí	dưa	quả bầu / bí	Tượng hình	Đối chiếu hình chữ cổ để nhận ra nét nghĩa gốc; ghi chú nguồn: Pictograph of a melon hanging from a vine.	0	Viết theo hoạt ảnh từng nét trong ứng dụng; tuân thủ trên trước dưới, trái trước phải.	瓜	Thường giữ nguyên hình khi làm thành phần; có thể co hẹp theo vị trí.	3	Động vật & Thực vật	0	FALSE	https://char.iis.sinica.edu.tw/TTF/getTTF1.aspx?word=%E7%93%9C&f=%E7%94%B2%E9%AA%A8%E6%96%87&s=200&c=black	https://char.iis.sinica.edu.tw/TTF/getTTF1.aspx?word=%E7%93%9C&f=%E9%87%91%E6%96%87&s=200&c=black	https://char.iis.sinica.edu.tw/TTF/getTTF1.aspx?word=%E7%93%9C&f=%E5%B0%8F%E7%AF%86&s=200&c=black	https://chardb.iis.sinica.edu.tw/search.jsp?q=%E7%93%9C&stype=0	傻瓜 | 西瓜 | 南瓜 | 黄瓜	傻瓜 | 西瓜 | 南瓜	TRUE
mono-191	乎	乎	hū	hồ	(trợ từ cổ điển tương tự 於|于[yu2]) trong / tại / từ / bởi vì / hơn / (trợ từ kết thúc cổ điển tương tự 嗎|吗[ma5], 吧[ba5], 呢[ne5], biểu thị câu hỏi, nghi ngờ hoặc kinh ngạc)	(trợ từ cổ điển tương tự 於|于[yu2]) trong	tại / từ / bởi vì / hơn / (trợ từ kết thúc cổ điển tương tự 嗎|吗[ma5], 吧[ba5], 呢[ne5], biểu thị câu hỏi, nghi ngờ hoặc kinh ngạc)	Tượng hình	"Đối chiếu hình chữ cổ để nhận ra nét nghĩa gốc; ghi chú nguồn: Depicts air flowing from breath. Based on the original meaning ""exhale"", now written as 呼. The current meaning is a phonetic loan."	0	Viết theo hoạt ảnh từng nét trong ứng dụng; tuân thủ trên trước dưới, trái trước phải.	乎	Thường giữ nguyên hình khi làm thành phần; có thể co hẹp theo vị trí.	5	Số đếm, Phương hướng & Khái niệm	0	FALSE	https://char.iis.sinica.edu.tw/TTF/getTTF1.aspx?word=%E4%B9%8E&f=%E7%94%B2%E9%AA%A8%E6%96%87&s=200&c=black	https://char.iis.sinica.edu.tw/TTF/getTTF1.aspx?word=%E4%B9%8E&f=%E9%87%91%E6%96%87&s=200&c=black	https://char.iis.sinica.edu.tw/TTF/getTTF1.aspx?word=%E4%B9%8E&f=%E5%B0%8F%E7%AF%86&s=200&c=black	https://chardb.iis.sinica.edu.tw/search.jsp?q=%E4%B9%8E&stype=0	几乎 | 似乎 | 不在乎 | 在乎	几乎 | 似乎 | 不在乎	TRUE
mono-192	用	用	yòng	dụng	sử dụng / tận dụng / phải / ăn hoặc uống / chi phí hoặc tiêu dùng / tính hữu ích / vì vậy / do đó	sử dụng	tận dụng / phải / ăn hoặc uống / chi phí hoặc tiêu dùng / tính hữu ích / vì vậy / do đó	Tượng hình	"Đối chiếu hình chữ cổ để nhận ra nét nghĩa gốc; ghi chú nguồn: Originally a pictograph of a bucket with a handle on the right side. The current meaning ""use"" is a phonetic loan."	0	Viết theo hoạt ảnh từng nét trong ứng dụng; tuân thủ trên trước dưới, trái trước phải.	用	Thường giữ nguyên hình khi làm thành phần; có thể co hẹp theo vị trí.	5	Số đếm, Phương hướng & Khái niệm	13	TRUE	https://char.iis.sinica.edu.tw/TTF/getTTF1.aspx?word=%E7%94%A8&f=%E7%94%B2%E9%AA%A8%E6%96%87&s=200&c=black	https://char.iis.sinica.edu.tw/TTF/getTTF1.aspx?word=%E7%94%A8&f=%E9%87%91%E6%96%87&s=200&c=black	https://char.iis.sinica.edu.tw/TTF/getTTF1.aspx?word=%E7%94%A8&f=%E5%B0%8F%E7%AF%86&s=200&c=black	https://chardb.iis.sinica.edu.tw/search.jsp?q=%E7%94%A8&stype=0	使用 | 作用 | 利用 | 不用	使用 | 作用 | 利用	TRUE
mono-193	甩	甩	shuǎi	suý	ném / vung / lúc lắc / bỏ lại phía sau / vứt bỏ / chia tay (ai đó)	ném	vung / lúc lắc / bỏ lại phía sau / vứt bỏ / chia tay (ai đó)	Chỉ sự/độc thể	"Đối chiếu hình chữ cổ để nhận ra nét nghĩa gốc; ghi chú nguồn: The opposite of ""to use"" 用"	0	Viết theo hoạt ảnh từng nét trong ứng dụng; tuân thủ trên trước dưới, trái trước phải.	甩	Thường giữ nguyên hình khi làm thành phần; có thể co hẹp theo vị trí.	5	Số đếm, Phương hướng & Khái niệm	111	TRUE	https://char.iis.sinica.edu.tw/TTF/getTTF1.aspx?word=%E7%94%A9&f=%E7%94%B2%E9%AA%A8%E6%96%87&s=200&c=black	https://char.iis.sinica.edu.tw/TTF/getTTF1.aspx?word=%E7%94%A9&f=%E9%87%91%E6%96%87&s=200&c=black	https://char.iis.sinica.edu.tw/TTF/getTTF1.aspx?word=%E7%94%A9&f=%E5%B0%8F%E7%AF%86&s=200&c=black	https://chardb.iis.sinica.edu.tw/search.jsp?q=%E7%94%A9&stype=0	甩掉 | 甩卖 | 甩手 | 甩开	甩掉 | 甩卖 | 甩手	TRUE
mono-194	乐	樂	Lè	lạc	họ [Le4]	họ [Le4]		Tượng hình	Đối chiếu hình chữ cổ để nhận ra nét nghĩa gốc; ghi chú nguồn: Pictograph of an ancient wooden stringed musical instrument. The simplified character 乐 was adapted from the cursive form of the traditional character 樂. The traditional component 白 was removed for simplification.	0	Viết theo hoạt ảnh từng nét trong ứng dụng; tuân thủ trên trước dưới, trái trước phải.	乐	Thường giữ nguyên hình khi làm thành phần; có thể co hẹp theo vị trí.	5	Số đếm, Phương hướng & Khái niệm	100	TRUE	https://char.iis.sinica.edu.tw/TTF/getTTF1.aspx?word=%E4%B9%90&f=%E7%94%B2%E9%AA%A8%E6%96%87&s=200&c=black	https://char.iis.sinica.edu.tw/TTF/getTTF1.aspx?word=%E4%B9%90&f=%E9%87%91%E6%96%87&s=200&c=black	https://char.iis.sinica.edu.tw/TTF/getTTF1.aspx?word=%E4%B9%90&f=%E5%B0%8F%E7%AF%86&s=200&c=black	https://chardb.iis.sinica.edu.tw/search.jsp?q=%E4%B9%90&stype=0	快乐 | 音乐 | 俱乐部 | 娱乐	快乐 | 音乐 | 俱乐部	TRUE
mono-195	匆	匆	cōng	thông	vội vàng / gấp gáp	vội vàng	gấp gáp	Chỉ sự/độc thể	Dạng chữ độc thể; đối chiếu Giáp Cốt văn, Kim văn và Tiểu Triện ở chuỗi hình bên cạnh.	0	Viết theo hoạt ảnh từng nét trong ứng dụng; tuân thủ trên trước dưới, trái trước phải.	匆	Thường giữ nguyên hình khi làm thành phần; có thể co hẹp theo vị trí.	5	Số đếm, Phương hướng & Khái niệm	0	FALSE	https://char.iis.sinica.edu.tw/TTF/getTTF1.aspx?word=%E5%8C%86&f=%E7%94%B2%E9%AA%A8%E6%96%87&s=200&c=black	https://char.iis.sinica.edu.tw/TTF/getTTF1.aspx?word=%E5%8C%86&f=%E9%87%91%E6%96%87&s=200&c=black	https://char.iis.sinica.edu.tw/TTF/getTTF1.aspx?word=%E5%8C%86&f=%E5%B0%8F%E7%AF%86&s=200&c=black	https://chardb.iis.sinica.edu.tw/search.jsp?q=%E5%8C%86&stype=0	匆匆 | 匆忙 | 急匆匆 | 行色匆匆	匆匆 | 匆忙 | 急匆匆	TRUE
mono-196	册	冊	cè	sách	sách / tập sách / lượng từ cho sách	sách	tập sách / lượng từ cho sách	Tượng hình	Đối chiếu hình chữ cổ để nhận ra nét nghĩa gốc; ghi chú nguồn: Simplified form of 冊. Pictograph of strips of bamboo strung together. In ancient China writing was done on bamboo strips.	0	Viết theo hoạt ảnh từng nét trong ứng dụng; tuân thủ trên trước dưới, trái trước phải.	册	Thường giữ nguyên hình khi làm thành phần; có thể co hẹp theo vị trí.	4	Đồ vật & Công cụ	0	FALSE	https://char.iis.sinica.edu.tw/TTF/getTTF1.aspx?word=%E5%86%8C&f=%E7%94%B2%E9%AA%A8%E6%96%87&s=200&c=black	https://char.iis.sinica.edu.tw/TTF/getTTF1.aspx?word=%E5%86%8C&f=%E9%87%91%E6%96%87&s=200&c=black	https://char.iis.sinica.edu.tw/TTF/getTTF1.aspx?word=%E5%86%8C&f=%E5%B0%8F%E7%AF%86&s=200&c=black	https://chardb.iis.sinica.edu.tw/search.jsp?q=%E5%86%8C&stype=0	注册 | 手册 | 相册 | 小册子	注册 | 手册 | 相册	TRUE
mono-197	鸟	鳥	diǎo	điểu	biến thể của 屌[diao3] / dương vật	biến thể của 屌[diao3]	dương vật	Tượng hình	Đối chiếu hình chữ cổ để nhận ra nét nghĩa gốc; ghi chú nguồn: Simplified form of 鳥. Pictograph of a bird.	0	Viết theo hoạt ảnh từng nét trong ứng dụng; tuân thủ trên trước dưới, trái trước phải.	鸟	Thường giữ nguyên hình khi làm thành phần; có thể co hẹp theo vị trí.	3	Động vật & Thực vật	91	TRUE	https://char.iis.sinica.edu.tw/TTF/getTTF1.aspx?word=%E9%B8%9F&f=%E7%94%B2%E9%AA%A8%E6%96%87&s=200&c=black	https://char.iis.sinica.edu.tw/TTF/getTTF1.aspx?word=%E9%B8%9F&f=%E9%87%91%E6%96%87&s=200&c=black	https://char.iis.sinica.edu.tw/TTF/getTTF1.aspx?word=%E9%B8%9F&f=%E5%B0%8F%E7%AF%86&s=200&c=black	https://chardb.iis.sinica.edu.tw/search.jsp?q=%E9%B8%9F&stype=0	鸟儿 | 小鸟 | 鸟类 | 雷鸟	鸟儿 | 小鸟 | 鸟类	TRUE
mono-198	氐	氐	Dī	đê	tên một bộ lạc cổ đại	tên một bộ lạc cổ đại		Tượng hình	Đối chiếu hình chữ cổ để nhận ra nét nghĩa gốc; ghi chú nguồn: Depicts a man bowing down (氏) low to the ground.	0	Viết theo hoạt ảnh từng nét trong ứng dụng; tuân thủ trên trước dưới, trái trước phải.	氐	Thường giữ nguyên hình khi làm thành phần; có thể co hẹp theo vị trí.	5	Số đếm, Phương hướng & Khái niệm	0	FALSE	https://char.iis.sinica.edu.tw/TTF/getTTF1.aspx?word=%E6%B0%90&f=%E7%94%B2%E9%AA%A8%E6%96%87&s=200&c=black	https://char.iis.sinica.edu.tw/TTF/getTTF1.aspx?word=%E6%B0%90&f=%E9%87%91%E6%96%87&s=200&c=black	https://char.iis.sinica.edu.tw/TTF/getTTF1.aspx?word=%E6%B0%90&f=%E5%B0%8F%E7%AF%86&s=200&c=black	https://chardb.iis.sinica.edu.tw/search.jsp?q=%E6%B0%90&stype=0			TRUE
mono-199	主	主	zhǔ	chúa	chủ / người chủ / chủ nhà / cá nhân hoặc bên liên quan / Chúa / chủ nhân / chính / để chỉ hoặc biểu thị / quân chủ bài (trong trò chơi bài)	chủ	người chủ / chủ nhà / cá nhân hoặc bên liên quan / Chúa / chủ nhân / chính / để chỉ hoặc biểu thị / quân chủ bài (trong trò chơi bài)	Tượng hình	Đối chiếu hình chữ cổ để nhận ra nét nghĩa gốc; ghi chú nguồn: Pictograph of a torch, now written as 炷. The current meaning is a phonetic loan.	0	Viết theo hoạt ảnh từng nét trong ứng dụng; tuân thủ trên trước dưới, trái trước phải.	主	Thường giữ nguyên hình khi làm thành phần; có thể co hẹp theo vị trí.	5	Số đếm, Phương hướng & Khái niệm	79	TRUE	https://char.iis.sinica.edu.tw/TTF/getTTF1.aspx?word=%E4%B8%BB&f=%E7%94%B2%E9%AA%A8%E6%96%87&s=200&c=black	https://char.iis.sinica.edu.tw/TTF/getTTF1.aspx?word=%E4%B8%BB&f=%E9%87%91%E6%96%87&s=200&c=black	https://char.iis.sinica.edu.tw/TTF/getTTF1.aspx?word=%E4%B8%BB&f=%E5%B0%8F%E7%AF%86&s=200&c=black	https://chardb.iis.sinica.edu.tw/search.jsp?q=%E4%B8%BB&stype=0	主要 | 主意 | 主人 | 主题	主要 | 主意 | 主人	TRUE
mono-200	立	立	Lì	lập	họ [Li4]	họ [Li4]		Tượng hình	Đối chiếu hình chữ cổ để nhận ra nét nghĩa gốc; ghi chú nguồn: Pictograph of a person standing on the ground.	0	Viết theo hoạt ảnh từng nét trong ứng dụng; tuân thủ trên trước dưới, trái trước phải.	立	Thường giữ nguyên hình khi làm thành phần; có thể co hẹp theo vị trí.	5	Số đếm, Phương hướng & Khái niệm	0	FALSE	https://char.iis.sinica.edu.tw/TTF/getTTF1.aspx?word=%E7%AB%8B&f=%E7%94%B2%E9%AA%A8%E6%96%87&s=200&c=black	https://char.iis.sinica.edu.tw/TTF/getTTF1.aspx?word=%E7%AB%8B&f=%E9%87%91%E6%96%87&s=200&c=black	https://char.iis.sinica.edu.tw/TTF/getTTF1.aspx?word=%E7%AB%8B&f=%E5%B0%8F%E7%AF%86&s=200&c=black	https://chardb.iis.sinica.edu.tw/search.jsp?q=%E7%AB%8B&stype=0	建立 | 立刻 | 立即 | 独立	建立 | 立刻 | 立即	TRUE
mono-201	半	半	bàn	bán	một nửa / bán- / chưa hoàn chỉnh / (sau một số) một nửa	một nửa	bán- / chưa hoàn chỉnh / (sau một số) một nửa	Tượng hình	Đối chiếu hình chữ cổ để nhận ra nét nghĩa gốc; ghi chú nguồn: Depicts cutting a cow (牛) into two halves (八).	0	Viết theo hoạt ảnh từng nét trong ứng dụng; tuân thủ trên trước dưới, trái trước phải.	半	Thường giữ nguyên hình khi làm thành phần; có thể co hẹp theo vị trí.	5	Số đếm, Phương hướng & Khái niệm	59	TRUE	https://char.iis.sinica.edu.tw/TTF/getTTF1.aspx?word=%E5%8D%8A&f=%E7%94%B2%E9%AA%A8%E6%96%87&s=200&c=black	https://char.iis.sinica.edu.tw/TTF/getTTF1.aspx?word=%E5%8D%8A&f=%E9%87%91%E6%96%87&s=200&c=black	https://char.iis.sinica.edu.tw/TTF/getTTF1.aspx?word=%E5%8D%8A&f=%E5%B0%8F%E7%AF%86&s=200&c=black	https://chardb.iis.sinica.edu.tw/search.jsp?q=%E5%8D%8A&stype=0	一半 | 半年 | 半夜 | 半场	一半 | 半年 | 半夜	TRUE
mono-202	头	頭	tóu	đầu	đầu / kiểu tóc / trên cùng / cuối / đoạn còn lại / tàn dư / trưởng / sếp / mặt / phương diện / đầu tiên / dẫn đầu / lượng từ cho heo hoặc gia súc / LT:個|个[ge4]	đầu	kiểu tóc / trên cùng / cuối / đoạn còn lại / tàn dư / trưởng / sếp / mặt / phương diện / đầu tiên / dẫn đầu / lượng từ cho heo hoặc gia súc / LT:個|个[ge4]	Chỉ sự/độc thể	Đối chiếu hình chữ cổ để nhận ra nét nghĩa gốc; ghi chú nguồn: Phonosemantic compound. 頁 represents the meaning and 豆 represents the sound. The simplified character 头 was adapted from the cursive form of the traditional character 頭.	0	Viết theo hoạt ảnh từng nét trong ứng dụng; tuân thủ trên trước dưới, trái trước phải.	头	Thường giữ nguyên hình khi làm thành phần; có thể co hẹp theo vị trí.	2	Con người & Cơ thể	40	TRUE	https://char.iis.sinica.edu.tw/TTF/getTTF1.aspx?word=%E5%A4%B4&f=%E7%94%B2%E9%AA%A8%E6%96%87&s=200&c=black	https://char.iis.sinica.edu.tw/TTF/getTTF1.aspx?word=%E5%A4%B4&f=%E9%87%91%E6%96%87&s=200&c=black	https://char.iis.sinica.edu.tw/TTF/getTTF1.aspx?word=%E5%A4%B4&f=%E5%B0%8F%E7%AF%86&s=200&c=black	https://chardb.iis.sinica.edu.tw/search.jsp?q=%E5%A4%B4&stype=0	头发 | 回头 | 镜头 | 石头	头发 | 回头 | 镜头	TRUE
mono-203	必	必	bì	tất	nhất định / phải / sẽ / nhất thiết	nhất định	phải / sẽ / nhất thiết	Tượng hình	Đối chiếu hình chữ cổ để nhận ra nét nghĩa gốc; ghi chú nguồn: Pictograph of a weapon, now written as 柲. The current meaning is a phonetic loan.	0	Viết theo hoạt ảnh từng nét trong ứng dụng; tuân thủ trên trước dưới, trái trước phải.	必	Thường giữ nguyên hình khi làm thành phần; có thể co hẹp theo vị trí.	5	Số đếm, Phương hướng & Khái niệm	138	TRUE	https://char.iis.sinica.edu.tw/TTF/getTTF1.aspx?word=%E5%BF%85&f=%E7%94%B2%E9%AA%A8%E6%96%87&s=200&c=black	https://char.iis.sinica.edu.tw/TTF/getTTF1.aspx?word=%E5%BF%85&f=%E9%87%91%E6%96%87&s=200&c=black	https://char.iis.sinica.edu.tw/TTF/getTTF1.aspx?word=%E5%BF%85&f=%E5%B0%8F%E7%AF%86&s=200&c=black	https://chardb.iis.sinica.edu.tw/search.jsp?q=%E5%BF%85&stype=0	必须 | 必要 | 不必 | 必然	必须 | 必要 | 不必	TRUE
mono-204	永	永	yǒng	vắng	mãi mãi / luôn luôn / vĩnh viễn	mãi mãi	luôn luôn / vĩnh viễn	Tượng hình	Đối chiếu hình chữ cổ để nhận ra nét nghĩa gốc; ghi chú nguồn: Pictograph of a long river with a tributary.	0	Viết theo hoạt ảnh từng nét trong ứng dụng; tuân thủ trên trước dưới, trái trước phải.	永	Thường giữ nguyên hình khi làm thành phần; có thể co hẹp theo vị trí.	5	Số đếm, Phương hướng & Khái niệm	0	FALSE	https://char.iis.sinica.edu.tw/TTF/getTTF1.aspx?word=%E6%B0%B8&f=%E7%94%B2%E9%AA%A8%E6%96%87&s=200&c=black	https://char.iis.sinica.edu.tw/TTF/getTTF1.aspx?word=%E6%B0%B8&f=%E9%87%91%E6%96%87&s=200&c=black	https://char.iis.sinica.edu.tw/TTF/getTTF1.aspx?word=%E6%B0%B8&f=%E5%B0%8F%E7%AF%86&s=200&c=black	https://chardb.iis.sinica.edu.tw/search.jsp?q=%E6%B0%B8&stype=0	永远 | 永恒 | 永不 | 永久	永远 | 永恒 | 永不	TRUE
mono-205	民	民	Mín	dân	họ [Min2]	họ [Min2]		Tượng hình	Đối chiếu hình chữ cổ để nhận ra nét nghĩa gốc; ghi chú nguồn: Pictograph of a line going into the eye. Relation to current meaning unclear.	0	Viết theo hoạt ảnh từng nét trong ứng dụng; tuân thủ trên trước dưới, trái trước phải.	民	Thường giữ nguyên hình khi làm thành phần; có thể co hẹp theo vị trí.	2	Con người & Cơ thể	0	FALSE	https://char.iis.sinica.edu.tw/TTF/getTTF1.aspx?word=%E6%B0%91&f=%E7%94%B2%E9%AA%A8%E6%96%87&s=200&c=black	https://char.iis.sinica.edu.tw/TTF/getTTF1.aspx?word=%E6%B0%91&f=%E9%87%91%E6%96%87&s=200&c=black	https://char.iis.sinica.edu.tw/TTF/getTTF1.aspx?word=%E6%B0%91&f=%E5%B0%8F%E7%AF%86&s=200&c=black	https://chardb.iis.sinica.edu.tw/search.jsp?q=%E6%B0%91&stype=0	人民 | 居民 | 市民 | 农民	人民 | 居民 | 市民	TRUE
mono-206	弗	弗	fú	phất	(văn học) không / dùng trong phiên âm	(văn học) không	dùng trong phiên âm	Chỉ sự/độc thể	Đối chiếu hình chữ cổ để nhận ra nét nghĩa gốc; ghi chú nguồn: A curved shape crossed out by two lines.	0	Viết theo hoạt ảnh từng nét trong ứng dụng; tuân thủ trên trước dưới, trái trước phải.	弗	Thường giữ nguyên hình khi làm thành phần; có thể co hẹp theo vị trí.	5	Số đếm, Phương hướng & Khái niệm	0	FALSE	https://char.iis.sinica.edu.tw/TTF/getTTF1.aspx?word=%E5%BC%97&f=%E7%94%B2%E9%AA%A8%E6%96%87&s=200&c=black	https://char.iis.sinica.edu.tw/TTF/getTTF1.aspx?word=%E5%BC%97&f=%E9%87%91%E6%96%87&s=200&c=black	https://char.iis.sinica.edu.tw/TTF/getTTF1.aspx?word=%E5%BC%97&f=%E5%B0%8F%E7%AF%86&s=200&c=black	https://chardb.iis.sinica.edu.tw/search.jsp?q=%E5%BC%97&stype=0	弗兰克 | 弗格森 | 弗洛伊德 | 弗吉尼亚	弗兰克 | 弗格森 | 弗洛伊德	TRUE
mono-207	出	出	chū	xuất	đi ra; đi ra ngoài / phát sinh; xảy ra / sản xuất; tạo ra / vượt quá / (dùng sau động từ để chỉ hướng ra ngoài hoặc kết quả tích cực) / lượng từ cho kịch, vở diễn, opera, v.v.	đi ra; đi ra ngoài	phát sinh; xảy ra / sản xuất; tạo ra / vượt quá / (dùng sau động từ để chỉ hướng ra ngoài hoặc kết quả tích cực) / lượng từ cho kịch, vở diễn, opera, v.v.	Tượng hình	Đối chiếu hình chữ cổ để nhận ra nét nghĩa gốc; ghi chú nguồn: Pictograph of a foot (止) going out of an enclosure.	0	Viết theo hoạt ảnh từng nét trong ứng dụng; tuân thủ trên trước dưới, trái trước phải.	出	Thường giữ nguyên hình khi làm thành phần; có thể co hẹp theo vị trí.	5	Số đếm, Phương hướng & Khái niệm	18	TRUE	https://char.iis.sinica.edu.tw/TTF/getTTF1.aspx?word=%E5%87%BA&f=%E7%94%B2%E9%AA%A8%E6%96%87&s=200&c=black	https://char.iis.sinica.edu.tw/TTF/getTTF1.aspx?word=%E5%87%BA&f=%E9%87%91%E6%96%87&s=200&c=black	https://char.iis.sinica.edu.tw/TTF/getTTF1.aspx?word=%E5%87%BA&f=%E5%B0%8F%E7%AF%86&s=200&c=black	https://chardb.iis.sinica.edu.tw/search.jsp?q=%E5%87%BA&stype=0	出来 | 出现 | 出去 | 提出	出来 | 出现 | 出去	TRUE
mono-208	皮	皮	Pí	bì	họ [Pi2]	họ [Pi2]		Tượng hình	Đối chiếu hình chữ cổ để nhận ra nét nghĩa gốc; ghi chú nguồn: Pictograph of a hand (又) peeling off the skin from an animal.	0	Viết theo hoạt ảnh từng nét trong ứng dụng; tuân thủ trên trước dưới, trái trước phải.	皮	Thường giữ nguyên hình khi làm thành phần; có thể co hẹp theo vị trí.	2	Con người & Cơ thể	90	TRUE	https://char.iis.sinica.edu.tw/TTF/getTTF1.aspx?word=%E7%9A%AE&f=%E7%94%B2%E9%AA%A8%E6%96%87&s=200&c=black	https://char.iis.sinica.edu.tw/TTF/getTTF1.aspx?word=%E7%9A%AE&f=%E9%87%91%E6%96%87&s=200&c=black	https://char.iis.sinica.edu.tw/TTF/getTTF1.aspx?word=%E7%9A%AE&f=%E5%B0%8F%E7%AF%86&s=200&c=black	https://chardb.iis.sinica.edu.tw/search.jsp?q=%E7%9A%AE&stype=0	皮肤 | 皮带 | 眼皮 | 皮鞋	皮肤 | 皮带 | 眼皮	TRUE
mono-209	矛	矛	máo	mâu	giáo / mác / thương	giáo	mác / thương	Tượng hình	Đối chiếu hình chữ cổ để nhận ra nét nghĩa gốc; ghi chú nguồn: Pictograph of a spear.	0	Viết theo hoạt ảnh từng nét trong ứng dụng; tuân thủ trên trước dưới, trái trước phải.	矛	Thường giữ nguyên hình khi làm thành phần; có thể co hẹp theo vị trí.	4	Đồ vật & Công cụ	0	FALSE	https://char.iis.sinica.edu.tw/TTF/getTTF1.aspx?word=%E7%9F%9B&f=%E7%94%B2%E9%AA%A8%E6%96%87&s=200&c=black	https://char.iis.sinica.edu.tw/TTF/getTTF1.aspx?word=%E7%9F%9B&f=%E9%87%91%E6%96%87&s=200&c=black	https://char.iis.sinica.edu.tw/TTF/getTTF1.aspx?word=%E7%9F%9B&f=%E5%B0%8F%E7%AF%86&s=200&c=black	https://chardb.iis.sinica.edu.tw/search.jsp?q=%E7%9F%9B&stype=0	矛盾 | 矛头 | 长矛 | 自相矛盾	矛盾 | 矛头 | 长矛	TRUE
mono-210	母	母	mǔ	mẫu	mẹ / người nữ lớn tuổi / gốc rễ / nguồn / con cái (giới tính cái của động vật)	mẹ	người nữ lớn tuổi / gốc rễ / nguồn / con cái (giới tính cái của động vật)	Tượng hình	Đối chiếu hình chữ cổ để nhận ra nét nghĩa gốc; ghi chú nguồn: Pictograph of a woman kneeling, with two dots representing the two nipples that mothers use to feed their young.	0	Viết theo hoạt ảnh từng nét trong ứng dụng; tuân thủ trên trước dưới, trái trước phải.	母	Thường giữ nguyên hình khi làm thành phần; có thể co hẹp theo vị trí.	2	Con người & Cơ thể	120	TRUE	https://char.iis.sinica.edu.tw/TTF/getTTF1.aspx?word=%E6%AF%8D&f=%E7%94%B2%E9%AA%A8%E6%96%87&s=200&c=black	https://char.iis.sinica.edu.tw/TTF/getTTF1.aspx?word=%E6%AF%8D&f=%E9%87%91%E6%96%87&s=200&c=black	https://char.iis.sinica.edu.tw/TTF/getTTF1.aspx?word=%E6%AF%8D&f=%E5%B0%8F%E7%AF%86&s=200&c=black	https://chardb.iis.sinica.edu.tw/search.jsp?q=%E6%AF%8D&stype=0	母亲 | 父母 | 字母 | 祖母	母亲 | 父母 | 字母	TRUE
mono-211	耳	耳	ěr	nhĩ	tai / tay cầm (khảo cổ học) / và đó là tất cả (Văn học cổ điển Trung Quốc)	tai	tay cầm (khảo cổ học) / và đó là tất cả (Văn học cổ điển Trung Quốc)	Tượng hình	Đối chiếu hình chữ cổ để nhận ra nét nghĩa gốc; ghi chú nguồn: Pictograph of an ear.	0	Viết theo hoạt ảnh từng nét trong ứng dụng; tuân thủ trên trước dưới, trái trước phải.	耳	Thường giữ nguyên hình khi làm thành phần; có thể co hẹp theo vị trí.	2	Con người & Cơ thể	0	FALSE	https://char.iis.sinica.edu.tw/TTF/getTTF1.aspx?word=%E8%80%B3&f=%E7%94%B2%E9%AA%A8%E6%96%87&s=200&c=black	https://char.iis.sinica.edu.tw/TTF/getTTF1.aspx?word=%E8%80%B3&f=%E9%87%91%E6%96%87&s=200&c=black	https://char.iis.sinica.edu.tw/TTF/getTTF1.aspx?word=%E8%80%B3&f=%E5%B0%8F%E7%AF%86&s=200&c=black	https://chardb.iis.sinica.edu.tw/search.jsp?q=%E8%80%B3&stype=0	耳朵 | 耳机 | 土耳其 | 耳环	耳朵 | 耳机 | 土耳其	TRUE
mono-212	亚	亞	Yà	á	châu Á / người châu Á / tiếng Đài Loan đọc là [Ya3]	châu Á	người châu Á / tiếng Đài Loan đọc là [Ya3]	Chỉ sự/độc thể	Đối chiếu hình chữ cổ để nhận ra nét nghĩa gốc; ghi chú nguồn: Simplified form of 亞. Originally depicted a common Chinese architectural shape. Relation to current meaning unclear.	0	Viết theo hoạt ảnh từng nét trong ứng dụng; tuân thủ trên trước dưới, trái trước phải.	亚	Thường giữ nguyên hình khi làm thành phần; có thể co hẹp theo vị trí.	5	Số đếm, Phương hướng & Khái niệm	99	TRUE	https://char.iis.sinica.edu.tw/TTF/getTTF1.aspx?word=%E4%BA%9A&f=%E7%94%B2%E9%AA%A8%E6%96%87&s=200&c=black	https://char.iis.sinica.edu.tw/TTF/getTTF1.aspx?word=%E4%BA%9A&f=%E9%87%91%E6%96%87&s=200&c=black	https://char.iis.sinica.edu.tw/TTF/getTTF1.aspx?word=%E4%BA%9A&f=%E5%B0%8F%E7%AF%86&s=200&c=black	https://chardb.iis.sinica.edu.tw/search.jsp?q=%E4%BA%9A&stype=0	亚洲 | 澳大利亚 | 亚军 | 亚当	亚洲 | 澳大利亚 | 亚军	TRUE
mono-213	臣	臣	Chén	thần	họ [Chen2]	họ [Chen2]		Tượng hình	"Đối chiếu hình chữ cổ để nhận ra nét nghĩa gốc; ghi chú nguồn: Pictograph of an eye, similar to 目. Based on the original meaning ""to glare at"", now written as 瞋. The current meaning is a phonetic loan."	0	Viết theo hoạt ảnh từng nét trong ứng dụng; tuân thủ trên trước dưới, trái trước phải.	臣	Thường giữ nguyên hình khi làm thành phần; có thể co hẹp theo vị trí.	2	Con người & Cơ thể	0	FALSE	https://char.iis.sinica.edu.tw/TTF/getTTF1.aspx?word=%E8%87%A3&f=%E7%94%B2%E9%AA%A8%E6%96%87&s=200&c=black	https://char.iis.sinica.edu.tw/TTF/getTTF1.aspx?word=%E8%87%A3&f=%E9%87%91%E6%96%87&s=200&c=black	https://char.iis.sinica.edu.tw/TTF/getTTF1.aspx?word=%E8%87%A3&f=%E5%B0%8F%E7%AF%86&s=200&c=black	https://chardb.iis.sinica.edu.tw/search.jsp?q=%E8%87%A3&stype=0	大臣 | 车臣 | 臣服 | 功臣	大臣 | 车臣 | 臣服	TRUE
mono-214	吏	吏	lì	lại	quan chức hoặc nhân viên chính phủ nhỏ (cổ)	quan chức hoặc nhân viên chính phủ nhỏ (cổ)		Chỉ sự/độc thể	Đối chiếu hình chữ cổ để nhận ra nét nghĩa gốc; ghi chú nguồn: The characters 史 (history), 吏 (government official), 使 (cause; use; instruct), and 事 (matter; work; affair) are all etymologically related and all derive from the same ancient character, depicting a hand (又) holding some object. There are various theories about theories about what this object is, including a writing utensil, a container for official documents, a flag, or a hunting tool. These four characters were originally all written the same, but later marks were added to distinguish them.	0	Viết theo hoạt ảnh từng nét trong ứng dụng; tuân thủ trên trước dưới, trái trước phải.	吏	Thường giữ nguyên hình khi làm thành phần; có thể co hẹp theo vị trí.	5	Số đếm, Phương hướng & Khái niệm	0	FALSE	https://char.iis.sinica.edu.tw/TTF/getTTF1.aspx?word=%E5%90%8F&f=%E7%94%B2%E9%AA%A8%E6%96%87&s=200&c=black	https://char.iis.sinica.edu.tw/TTF/getTTF1.aspx?word=%E5%90%8F&f=%E9%87%91%E6%96%87&s=200&c=black	https://char.iis.sinica.edu.tw/TTF/getTTF1.aspx?word=%E5%90%8F&f=%E5%B0%8F%E7%AF%86&s=200&c=black	https://chardb.iis.sinica.edu.tw/search.jsp?q=%E5%90%8F&stype=0	官吏 | 贪官污吏 | 吏部 | 吏治	官吏 | 贪官污吏 | 吏部	TRUE
mono-215	再	再	zài	tái	lại; một lần nữa; tái- / lần thứ hai; cái khác / rồi sau đó (sau việc gì đó, và chỉ sau đó) / dù cho ... đi nữa (theo sau bởi tính từ hoặc động từ, rồi thường là 也[ye3] hoặc 都[dou1] để nhấn mạnh)	lại; một lần nữa; tái-	lần thứ hai; cái khác / rồi sau đó (sau việc gì đó, và chỉ sau đó) / dù cho ... đi nữa (theo sau bởi tính từ hoặc động từ, rồi thường là 也[ye3] hoặc 都[dou1] để nhấn mạnh)	Chỉ sự/độc thể	"Đối chiếu hình chữ cổ để nhận ra nét nghĩa gốc; ghi chú nguồn: Origin unclear. Possibly contains 二 (two) as a component, to convey the meaning ""second time; again""."	0	Viết theo hoạt ảnh từng nét trong ứng dụng; tuân thủ trên trước dưới, trái trước phải.	再	Thường giữ nguyên hình khi làm thành phần; có thể co hẹp theo vị trí.	5	Số đếm, Phương hướng & Khái niệm	12	TRUE	https://char.iis.sinica.edu.tw/TTF/getTTF1.aspx?word=%E5%86%8D&f=%E7%94%B2%E9%AA%A8%E6%96%87&s=200&c=black	https://char.iis.sinica.edu.tw/TTF/getTTF1.aspx?word=%E5%86%8D&f=%E9%87%91%E6%96%87&s=200&c=black	https://char.iis.sinica.edu.tw/TTF/getTTF1.aspx?word=%E5%86%8D&f=%E5%B0%8F%E7%AF%86&s=200&c=black	https://chardb.iis.sinica.edu.tw/search.jsp?q=%E5%86%8D&stype=0	再见 | 再次 | 不再 | 再说	再见 | 再次 | 不再	TRUE
mono-216	西	西	Xī	tây	phương Tây / viết tắt của Tây Ban Nha 西班牙[Xi1 ban1 ya2] / tiếng Tây Ban Nha	phương Tây	viết tắt của Tây Ban Nha 西班牙[Xi1 ban1 ya2] / tiếng Tây Ban Nha	Chỉ sự/độc thể	Đối chiếu hình chữ cổ để nhận ra nét nghĩa gốc; ghi chú nguồn: Origin unclear. Variously explained as a bag or bird's nest.	0	Viết theo hoạt ảnh từng nét trong ứng dụng; tuân thủ trên trước dưới, trái trước phải.	西	Thường giữ nguyên hình khi làm thành phần; có thể co hẹp theo vị trí.	5	Số đếm, Phương hướng & Khái niệm	83	TRUE	https://char.iis.sinica.edu.tw/TTF/getTTF1.aspx?word=%E8%A5%BF&f=%E7%94%B2%E9%AA%A8%E6%96%87&s=200&c=black	https://char.iis.sinica.edu.tw/TTF/getTTF1.aspx?word=%E8%A5%BF&f=%E9%87%91%E6%96%87&s=200&c=black	https://char.iis.sinica.edu.tw/TTF/getTTF1.aspx?word=%E8%A5%BF&f=%E5%B0%8F%E7%AF%86&s=200&c=black	https://chardb.iis.sinica.edu.tw/search.jsp?q=%E8%A5%BF&stype=0	东西 | 西部 | 西方 | 西班牙	东西 | 西部 | 西方	TRUE
mono-217	百	百	Bǎi	vầu / bách	họ [Bai3]	họ [Bai3]		Chỉ sự/độc thể	Đối chiếu hình chữ cổ để nhận ra nét nghĩa gốc; ghi chú nguồn: Phonosemantic compound. 一 represents the meaning and 白 represents the sound.	0	Viết theo hoạt ảnh từng nét trong ứng dụng; tuân thủ trên trước dưới, trái trước phải.	百	Thường giữ nguyên hình khi làm thành phần; có thể co hẹp theo vị trí.	5	Số đếm, Phương hướng & Khái niệm	123	TRUE	https://char.iis.sinica.edu.tw/TTF/getTTF1.aspx?word=%E7%99%BE&f=%E7%94%B2%E9%AA%A8%E6%96%87&s=200&c=black	https://char.iis.sinica.edu.tw/TTF/getTTF1.aspx?word=%E7%99%BE&f=%E9%87%91%E6%96%87&s=200&c=black	https://char.iis.sinica.edu.tw/TTF/getTTF1.aspx?word=%E7%99%BE&f=%E5%B0%8F%E7%AF%86&s=200&c=black	https://chardb.iis.sinica.edu.tw/search.jsp?q=%E7%99%BE&stype=0	老百姓 | 百姓 | 百分点 | 百年	老百姓 | 百姓 | 百分点	TRUE
mono-218	而	而	ér	nhi	và / cũng như / và do đó / nhưng (không) / mà (không) / (biểu thị quan hệ nhân quả) / (biểu thị thay đổi trạng thái) / (biểu thị sự tương phản)	và	cũng như / và do đó / nhưng (không) / mà (không) / (biểu thị quan hệ nhân quả) / (biểu thị thay đổi trạng thái) / (biểu thị sự tương phản)	Tượng hình	Đối chiếu hình chữ cổ để nhận ra nét nghĩa gốc; ghi chú nguồn: Originally a pictograph of a beard, now written as 耏. The current use as a conjunction is a phonetic loan.	0	Viết theo hoạt ảnh từng nét trong ứng dụng; tuân thủ trên trước dưới, trái trước phải.	而	Thường giữ nguyên hình khi làm thành phần; có thể co hẹp theo vị trí.	5	Số đếm, Phương hướng & Khái niệm	20	TRUE	https://char.iis.sinica.edu.tw/TTF/getTTF1.aspx?word=%E8%80%8C&f=%E7%94%B2%E9%AA%A8%E6%96%87&s=200&c=black	https://char.iis.sinica.edu.tw/TTF/getTTF1.aspx?word=%E8%80%8C&f=%E9%87%91%E6%96%87&s=200&c=black	https://char.iis.sinica.edu.tw/TTF/getTTF1.aspx?word=%E8%80%8C&f=%E5%B0%8F%E7%AF%86&s=200&c=black	https://chardb.iis.sinica.edu.tw/search.jsp?q=%E8%80%8C&stype=0	而且 | 而已 | 而是 | 然而	而且 | 而已 | 而是	TRUE
mono-219	页	頁	xié	hiệt	đầu	đầu		Tượng hình	"Đối chiếu hình chữ cổ để nhận ra nét nghĩa gốc; ghi chú nguồn: Simplified form of 頁. Pictograph of a head (首) on top of a person (卩). Means ""head"" when pronounced xié. Has unrelated meaning ""leaf"" when pronounced yè, due to this character being adopted as a shorthand form of 葉."	0	Viết theo hoạt ảnh từng nét trong ứng dụng; tuân thủ trên trước dưới, trái trước phải.	页	Thường giữ nguyên hình khi làm thành phần; có thể co hẹp theo vị trí.	5	Số đếm, Phương hướng & Khái niệm	115	TRUE	https://char.iis.sinica.edu.tw/TTF/getTTF1.aspx?word=%E9%A1%B5&f=%E7%94%B2%E9%AA%A8%E6%96%87&s=200&c=black	https://char.iis.sinica.edu.tw/TTF/getTTF1.aspx?word=%E9%A1%B5&f=%E9%87%91%E6%96%87&s=200&c=black	https://char.iis.sinica.edu.tw/TTF/getTTF1.aspx?word=%E9%A1%B5&f=%E5%B0%8F%E7%AF%86&s=200&c=black	https://chardb.iis.sinica.edu.tw/search.jsp?q=%E9%A1%B5&stype=0	页面 | 首页 | 网页 | 主页	页面 | 首页 | 网页	TRUE
mono-220	夹	夾	jiā	giáp	ép từ hai phía / đặt vào giữa / kẹp / mang vật gì dưới nách / bị kẹt giữa / giữa / chen vào / trộn / lẫn / tệp / phát âm Đài Loan [jia2]	ép từ hai phía	đặt vào giữa / kẹp / mang vật gì dưới nách / bị kẹt giữa / giữa / chen vào / trộn / lẫn / tệp / phát âm Đài Loan [jia2]	Tượng hình	Đối chiếu hình chữ cổ để nhận ra nét nghĩa gốc; ghi chú nguồn: Simplified form of 夾. Pictograph of a person (大) being pushed by people on both sides.	0	Viết theo hoạt ảnh từng nét trong ứng dụng; tuân thủ trên trước dưới, trái trước phải.	夹	Thường giữ nguyên hình khi làm thành phần; có thể co hẹp theo vị trí.	5	Số đếm, Phương hướng & Khái niệm	139	TRUE	https://char.iis.sinica.edu.tw/TTF/getTTF1.aspx?word=%E5%A4%B9&f=%E7%94%B2%E9%AA%A8%E6%96%87&s=200&c=black	https://char.iis.sinica.edu.tw/TTF/getTTF1.aspx?word=%E5%A4%B9&f=%E9%87%91%E6%96%87&s=200&c=black	https://char.iis.sinica.edu.tw/TTF/getTTF1.aspx?word=%E5%A4%B9&f=%E5%B0%8F%E7%AF%86&s=200&c=black	https://chardb.iis.sinica.edu.tw/search.jsp?q=%E5%A4%B9&stype=0	夹克 | 文件夹 | 夹杂 | 夹子	夹克 | 文件夹 | 夹杂	TRUE
mono-221	夷	夷	yí	dì	người không phải Hán, đặc biệt ở phía Đông Trung Quốc / man di / xoá sổ / tiêu diệt / phá huỷ / san bằng	người không phải Hán, đặc biệt ở phía Đông Trung Quốc	man di / xoá sổ / tiêu diệt / phá huỷ / san bằng	Tượng hình	Đối chiếu hình chữ cổ để nhận ra nét nghĩa gốc; ghi chú nguồn: Origin unclear. Possibly depicts a string around a bow.	0	Viết theo hoạt ảnh từng nét trong ứng dụng; tuân thủ trên trước dưới, trái trước phải.	夷	Thường giữ nguyên hình khi làm thành phần; có thể co hẹp theo vị trí.	5	Số đếm, Phương hướng & Khái niệm	0	FALSE	https://char.iis.sinica.edu.tw/TTF/getTTF1.aspx?word=%E5%A4%B7&f=%E7%94%B2%E9%AA%A8%E6%96%87&s=200&c=black	https://char.iis.sinica.edu.tw/TTF/getTTF1.aspx?word=%E5%A4%B7&f=%E9%87%91%E6%96%87&s=200&c=black	https://char.iis.sinica.edu.tw/TTF/getTTF1.aspx?word=%E5%A4%B7&f=%E5%B0%8F%E7%AF%86&s=200&c=black	https://chardb.iis.sinica.edu.tw/search.jsp?q=%E5%A4%B7&stype=0	夏威夷 | 匪夷所思 | 夷为平地 | 武夷山	夏威夷 | 匪夷所思 | 夷为平地	TRUE
mono-222	耒	耒	lěi	lồi	cái cày	cái cày		Tượng hình	Đối chiếu hình chữ cổ để nhận ra nét nghĩa gốc; ghi chú nguồn: Pictograph of a farming tool used to make furrows in the ground.	0	Viết theo hoạt ảnh từng nét trong ứng dụng; tuân thủ trên trước dưới, trái trước phải.	耒	Thường giữ nguyên hình khi làm thành phần; có thể co hẹp theo vị trí.	5	Số đếm, Phương hướng & Khái niệm	0	FALSE	https://char.iis.sinica.edu.tw/TTF/getTTF1.aspx?word=%E8%80%92&f=%E7%94%B2%E9%AA%A8%E6%96%87&s=200&c=black	https://char.iis.sinica.edu.tw/TTF/getTTF1.aspx?word=%E8%80%92&f=%E9%87%91%E6%96%87&s=200&c=black	https://char.iis.sinica.edu.tw/TTF/getTTF1.aspx?word=%E8%80%92&f=%E5%B0%8F%E7%AF%86&s=200&c=black	https://chardb.iis.sinica.edu.tw/search.jsp?q=%E8%80%92&stype=0	耒阳 | 耒阳市 | 耒耜	耒阳 | 耒阳市 | 耒耜	TRUE
mono-223	虫	蟲	chóng	trùng	biến thể của 蟲|虫[chong2]	biến thể của 蟲|虫[chong2]		Tượng hình	Đối chiếu hình chữ cổ để nhận ra nét nghĩa gốc; ghi chú nguồn: Pictograph of a worm.	0	Viết theo hoạt ảnh từng nét trong ứng dụng; tuân thủ trên trước dưới, trái trước phải.	虫	Thường giữ nguyên hình khi làm thành phần; có thể co hẹp theo vị trí.	3	Động vật & Thực vật	125	TRUE	https://char.iis.sinica.edu.tw/TTF/getTTF1.aspx?word=%E8%99%AB&f=%E7%94%B2%E9%AA%A8%E6%96%87&s=200&c=black	https://char.iis.sinica.edu.tw/TTF/getTTF1.aspx?word=%E8%99%AB&f=%E9%87%91%E6%96%87&s=200&c=black	https://char.iis.sinica.edu.tw/TTF/getTTF1.aspx?word=%E8%99%AB&f=%E5%B0%8F%E7%AF%86&s=200&c=black	https://chardb.iis.sinica.edu.tw/search.jsp?q=%E8%99%AB&stype=0	虫子 | 昆虫 | 寄生虫 | 害虫	虫子 | 昆虫 | 寄生虫	TRUE
mono-224	曲	曲	Qū	khúc	họ [Qu1]	họ [Qu1]		Tượng hình	Đối chiếu hình chữ cổ để nhận ra nét nghĩa gốc; ghi chú nguồn: Pictograph of a bent object.	0	Viết theo hoạt ảnh từng nét trong ứng dụng; tuân thủ trên trước dưới, trái trước phải.	曲	Thường giữ nguyên hình khi làm thành phần; có thể co hẹp theo vị trí.	5	Số đếm, Phương hướng & Khái niệm	124	TRUE	https://char.iis.sinica.edu.tw/TTF/getTTF1.aspx?word=%E6%9B%B2&f=%E7%94%B2%E9%AA%A8%E6%96%87&s=200&c=black	https://char.iis.sinica.edu.tw/TTF/getTTF1.aspx?word=%E6%9B%B2&f=%E9%87%91%E6%96%87&s=200&c=black	https://char.iis.sinica.edu.tw/TTF/getTTF1.aspx?word=%E6%9B%B2&f=%E5%B0%8F%E7%AF%86&s=200&c=black	https://chardb.iis.sinica.edu.tw/search.jsp?q=%E6%9B%B2&stype=0	歌曲 | 曲线 | 扭曲 | 曲子	歌曲 | 曲线 | 扭曲	TRUE
mono-225	肉	肉	ròu	nhục	thịt / thịt quả / phần thịt (của quả) / (thông tục) (quả) nhũn / (người) nhão / không quyết đoán / bộ Khang Hy số 130	thịt	thịt quả / phần thịt (của quả) / (thông tục) (quả) nhũn / (người) nhão / không quyết đoán / bộ Khang Hy số 130	Tượng hình	Đối chiếu hình chữ cổ để nhận ra nét nghĩa gốc; ghi chú nguồn: Pictograph of a piece of meat.	0	Viết theo hoạt ảnh từng nét trong ứng dụng; tuân thủ trên trước dưới, trái trước phải.	月	Khi làm thành phần chữ ghép thường biến thành 月.	2	Con người & Cơ thể	86	TRUE	https://char.iis.sinica.edu.tw/TTF/getTTF1.aspx?word=%E8%82%89&f=%E7%94%B2%E9%AA%A8%E6%96%87&s=200&c=black	https://char.iis.sinica.edu.tw/TTF/getTTF1.aspx?word=%E8%82%89&f=%E9%87%91%E6%96%87&s=200&c=black	https://char.iis.sinica.edu.tw/TTF/getTTF1.aspx?word=%E8%82%89&f=%E5%B0%8F%E7%AF%86&s=200&c=black	https://chardb.iis.sinica.edu.tw/search.jsp?q=%E8%82%89&stype=0	肌肉 | 牛肉 | 猪肉 | 鸡肉	肌肉 | 牛肉 | 猪肉	TRUE
mono-226	曳	曳	yè	dấy	kéo / lôi / tiếng Đài Loan đọc là [yi4]	kéo	lôi / tiếng Đài Loan đọc là [yi4]	Chỉ sự/độc thể	Dạng chữ độc thể; đối chiếu Giáp Cốt văn, Kim văn và Tiểu Triện ở chuỗi hình bên cạnh.	0	Viết theo hoạt ảnh từng nét trong ứng dụng; tuân thủ trên trước dưới, trái trước phải.	曳	Thường giữ nguyên hình khi làm thành phần; có thể co hẹp theo vị trí.	5	Số đếm, Phương hướng & Khái niệm	0	FALSE	https://char.iis.sinica.edu.tw/TTF/getTTF1.aspx?word=%E6%9B%B3&f=%E7%94%B2%E9%AA%A8%E6%96%87&s=200&c=black	https://char.iis.sinica.edu.tw/TTF/getTTF1.aspx?word=%E6%9B%B3&f=%E9%87%91%E6%96%87&s=200&c=black	https://char.iis.sinica.edu.tw/TTF/getTTF1.aspx?word=%E6%9B%B3&f=%E5%B0%8F%E7%AF%86&s=200&c=black	https://chardb.iis.sinica.edu.tw/search.jsp?q=%E6%9B%B3&stype=0	摇曳 | 拖曳 | 曳光弹	摇曳 | 拖曳 | 曳光弹	TRUE
mono-227	年	年	Nián	nên	họ [Nian2]	họ [Nian2]		Tượng hình	Đối chiếu hình chữ cổ để nhận ra nét nghĩa gốc; ghi chú nguồn: Pictograph of a person (卩) harvesting grain (禾). The harvest season is a yearly event. The components are not obvious in the modern form.	0	Viết theo hoạt ảnh từng nét trong ứng dụng; tuân thủ trên trước dưới, trái trước phải.	年	Thường giữ nguyên hình khi làm thành phần; có thể co hẹp theo vị trí.	5	Số đếm, Phương hướng & Khái niệm	28	TRUE	https://char.iis.sinica.edu.tw/TTF/getTTF1.aspx?word=%E5%B9%B4&f=%E7%94%B2%E9%AA%A8%E6%96%87&s=200&c=black	https://char.iis.sinica.edu.tw/TTF/getTTF1.aspx?word=%E5%B9%B4&f=%E9%87%91%E6%96%87&s=200&c=black	https://char.iis.sinica.edu.tw/TTF/getTTF1.aspx?word=%E5%B9%B4&f=%E5%B0%8F%E7%AF%86&s=200&c=black	https://chardb.iis.sinica.edu.tw/search.jsp?q=%E5%B9%B4&stype=0	今年 | 年轻 | 去年 | 年代	今年 | 年轻 | 去年	TRUE
mono-228	朱	朱	Zhū	cho	họ [Zhu1]	họ [Zhu1]		Chỉ sự/độc thể	"Đối chiếu hình chữ cổ để nhận ra nét nghĩa gốc; ghi chú nguồn: Based on the original meaning ""tree trunk"", now written as 株. Derivative of 木 (tree). The current meaning is a phonetic loan."	0	Viết theo hoạt ảnh từng nét trong ứng dụng; tuân thủ trên trước dưới, trái trước phải.	朱	Thường giữ nguyên hình khi làm thành phần; có thể co hẹp theo vị trí.	5	Số đếm, Phương hướng & Khái niệm	0	FALSE	https://char.iis.sinica.edu.tw/TTF/getTTF1.aspx?word=%E6%9C%B1&f=%E7%94%B2%E9%AA%A8%E6%96%87&s=200&c=black	https://char.iis.sinica.edu.tw/TTF/getTTF1.aspx?word=%E6%9C%B1&f=%E9%87%91%E6%96%87&s=200&c=black	https://char.iis.sinica.edu.tw/TTF/getTTF1.aspx?word=%E6%9C%B1&f=%E5%B0%8F%E7%AF%86&s=200&c=black	https://chardb.iis.sinica.edu.tw/search.jsp?q=%E6%9C%B1&stype=0	朱广沪 | 朱丽叶 | 朱利安 | 朱诺	朱广沪 | 朱丽叶 | 朱利安	TRUE
mono-229	乒	乒	pīng	binh	(từ tượng thanh) ping / bing	(từ tượng thanh) ping	bing	Chỉ sự/độc thể	Đối chiếu hình chữ cổ để nhận ra nét nghĩa gốc; ghi chú nguồn: A ball bouncing back and forth; compare 乓	0	Viết theo hoạt ảnh từng nét trong ứng dụng; tuân thủ trên trước dưới, trái trước phải.	乒	Thường giữ nguyên hình khi làm thành phần; có thể co hẹp theo vị trí.	5	Số đếm, Phương hướng & Khái niệm	0	FALSE	https://char.iis.sinica.edu.tw/TTF/getTTF1.aspx?word=%E4%B9%92&f=%E7%94%B2%E9%AA%A8%E6%96%87&s=200&c=black	https://char.iis.sinica.edu.tw/TTF/getTTF1.aspx?word=%E4%B9%92&f=%E9%87%91%E6%96%87&s=200&c=black	https://char.iis.sinica.edu.tw/TTF/getTTF1.aspx?word=%E4%B9%92&f=%E5%B0%8F%E7%AF%86&s=200&c=black	https://chardb.iis.sinica.edu.tw/search.jsp?q=%E4%B9%92&stype=0	乒乓球 | 乒乓 | 乒乓球拍 | 乒乓球台	乒乓球 | 乒乓 | 乒乓球拍	TRUE
mono-230	乓	乓	pāng	bàng	(từ tượng thanh) băng	(từ tượng thanh) băng		Chỉ sự/độc thể	Đối chiếu hình chữ cổ để nhận ra nét nghĩa gốc; ghi chú nguồn: A ball bouncing back and forth; compare 乒	0	Viết theo hoạt ảnh từng nét trong ứng dụng; tuân thủ trên trước dưới, trái trước phải.	乓	Thường giữ nguyên hình khi làm thành phần; có thể co hẹp theo vị trí.	5	Số đếm, Phương hướng & Khái niệm	0	FALSE	https://char.iis.sinica.edu.tw/TTF/getTTF1.aspx?word=%E4%B9%93&f=%E7%94%B2%E9%AA%A8%E6%96%87&s=200&c=black	https://char.iis.sinica.edu.tw/TTF/getTTF1.aspx?word=%E4%B9%93&f=%E9%87%91%E6%96%87&s=200&c=black	https://char.iis.sinica.edu.tw/TTF/getTTF1.aspx?word=%E4%B9%93&f=%E5%B0%8F%E7%AF%86&s=200&c=black	https://chardb.iis.sinica.edu.tw/search.jsp?q=%E4%B9%93&stype=0	乒乓球 | 乒乓 | 乒乓球拍 | 乒乓球台	乒乓球 | 乒乓 | 乒乓球拍	TRUE
mono-231	臼	臼	jiù	cối	cái cối	cái cối		Tượng hình	Đối chiếu hình chữ cổ để nhận ra nét nghĩa gốc; ghi chú nguồn: Pictograph of a mortar: a hollow vessel used to crush ingredients.	0	Viết theo hoạt ảnh từng nét trong ứng dụng; tuân thủ trên trước dưới, trái trước phải.	臼	Thường giữ nguyên hình khi làm thành phần; có thể co hẹp theo vị trí.	4	Đồ vật & Công cụ	0	FALSE	https://char.iis.sinica.edu.tw/TTF/getTTF1.aspx?word=%E8%87%BC&f=%E7%94%B2%E9%AA%A8%E6%96%87&s=200&c=black	https://char.iis.sinica.edu.tw/TTF/getTTF1.aspx?word=%E8%87%BC&f=%E9%87%91%E6%96%87&s=200&c=black	https://char.iis.sinica.edu.tw/TTF/getTTF1.aspx?word=%E8%87%BC&f=%E5%B0%8F%E7%AF%86&s=200&c=black	https://chardb.iis.sinica.edu.tw/search.jsp?q=%E8%87%BC&stype=0	脱臼 | 臼齿 | 窠臼 | 不落窠臼	脱臼 | 臼齿 | 窠臼	TRUE
mono-232	自	自	zì	tự	(dạng kết hợp) tự; bản thân / từ / tự nhiên; hiển nhiên	(dạng kết hợp) tự; bản thân	từ / tự nhiên; hiển nhiên	Tượng hình	Đối chiếu hình chữ cổ để nhận ra nét nghĩa gốc; ghi chú nguồn: Pictograph of a nose. Original form of 鼻 (nose). In China, when people point to themselves, they typically point to their nose.	0	Viết theo hoạt ảnh từng nét trong ứng dụng; tuân thủ trên trước dưới, trái trước phải.	自	Thường giữ nguyên hình khi làm thành phần; có thể co hẹp theo vị trí.	5	Số đếm, Phương hướng & Khái niệm	75	TRUE	https://char.iis.sinica.edu.tw/TTF/getTTF1.aspx?word=%E8%87%AA&f=%E7%94%B2%E9%AA%A8%E6%96%87&s=200&c=black	https://char.iis.sinica.edu.tw/TTF/getTTF1.aspx?word=%E8%87%AA&f=%E9%87%91%E6%96%87&s=200&c=black	https://char.iis.sinica.edu.tw/TTF/getTTF1.aspx?word=%E8%87%AA&f=%E5%B0%8F%E7%AF%86&s=200&c=black	https://chardb.iis.sinica.edu.tw/search.jsp?q=%E8%87%AA&stype=0	自己 | 来自 | 自然 | 自由	自己 | 来自 | 自然	TRUE
mono-233	血	血	xuè	huyết	máu / khẩu ngữ đọc là [xie3] / Lượng từ: 滴[di1],片[pian4]	máu	khẩu ngữ đọc là [xie3] / Lượng từ: 滴[di1],片[pian4]	Tượng hình	Đối chiếu hình chữ cổ để nhận ra nét nghĩa gốc; ghi chú nguồn: Depicts a drop of blood in a container (皿).	0	Viết theo hoạt ảnh từng nét trong ứng dụng; tuân thủ trên trước dưới, trái trước phải.	血	Thường giữ nguyên hình khi làm thành phần; có thể co hẹp theo vị trí.	2	Con người & Cơ thể	65	TRUE	https://char.iis.sinica.edu.tw/TTF/getTTF1.aspx?word=%E8%A1%80&f=%E7%94%B2%E9%AA%A8%E6%96%87&s=200&c=black	https://char.iis.sinica.edu.tw/TTF/getTTF1.aspx?word=%E8%A1%80&f=%E9%87%91%E6%96%87&s=200&c=black	https://char.iis.sinica.edu.tw/TTF/getTTF1.aspx?word=%E8%A1%80&f=%E5%B0%8F%E7%AF%86&s=200&c=black	https://chardb.iis.sinica.edu.tw/search.jsp?q=%E8%A1%80&stype=0	血液 | 吸血鬼 | 血管 | 流血	血液 | 吸血鬼 | 血管	TRUE
mono-234	舟	舟	zhōu	chu	thuyền	thuyền		Tượng hình	Đối chiếu hình chữ cổ để nhận ra nét nghĩa gốc; ghi chú nguồn: Pictograph of a boat.	0	Viết theo hoạt ảnh từng nét trong ứng dụng; tuân thủ trên trước dưới, trái trước phải.	舟	Thường giữ nguyên hình khi làm thành phần; có thể co hẹp theo vị trí.	4	Đồ vật & Công cụ	0	FALSE	https://char.iis.sinica.edu.tw/TTF/getTTF1.aspx?word=%E8%88%9F&f=%E7%94%B2%E9%AA%A8%E6%96%87&s=200&c=black	https://char.iis.sinica.edu.tw/TTF/getTTF1.aspx?word=%E8%88%9F&f=%E9%87%91%E6%96%87&s=200&c=black	https://char.iis.sinica.edu.tw/TTF/getTTF1.aspx?word=%E8%88%9F&f=%E5%B0%8F%E7%AF%86&s=200&c=black	https://chardb.iis.sinica.edu.tw/search.jsp?q=%E8%88%9F&stype=0	方舟 | 神舟 | 独木舟 | 龙舟	方舟 | 神舟 | 独木舟	TRUE
mono-235	兆	兆	Zhào	triệu	họ [Zhao4]	họ [Zhao4]		Tượng hình	Đối chiếu hình chữ cổ để nhận ra nét nghĩa gốc; ghi chú nguồn: Pictograph of cracks in a shell used in ancient China for fortune-telling.	0	Viết theo hoạt ảnh từng nét trong ứng dụng; tuân thủ trên trước dưới, trái trước phải.	兆	Thường giữ nguyên hình khi làm thành phần; có thể co hẹp theo vị trí.	5	Số đếm, Phương hướng & Khái niệm	0	FALSE	https://char.iis.sinica.edu.tw/TTF/getTTF1.aspx?word=%E5%85%86&f=%E7%94%B2%E9%AA%A8%E6%96%87&s=200&c=black	https://char.iis.sinica.edu.tw/TTF/getTTF1.aspx?word=%E5%85%86&f=%E9%87%91%E6%96%87&s=200&c=black	https://char.iis.sinica.edu.tw/TTF/getTTF1.aspx?word=%E5%85%86&f=%E5%B0%8F%E7%AF%86&s=200&c=black	https://chardb.iis.sinica.edu.tw/search.jsp?q=%E5%85%86&stype=0	征兆 | 预兆 | 兆赫 | 兆头	征兆 | 预兆 | 兆赫	TRUE
mono-236	缶	缶	fǒu	phẫu	đồ gốm	đồ gốm		Tượng hình	Đối chiếu hình chữ cổ để nhận ra nét nghĩa gốc; ghi chú nguồn: Pictograph of a pot with a lid.	0	Viết theo hoạt ảnh từng nét trong ứng dụng; tuân thủ trên trước dưới, trái trước phải.	缶	Thường giữ nguyên hình khi làm thành phần; có thể co hẹp theo vị trí.	4	Đồ vật & Công cụ	0	FALSE	https://char.iis.sinica.edu.tw/TTF/getTTF1.aspx?word=%E7%BC%B6&f=%E7%94%B2%E9%AA%A8%E6%96%87&s=200&c=black	https://char.iis.sinica.edu.tw/TTF/getTTF1.aspx?word=%E7%BC%B6&f=%E9%87%91%E6%96%87&s=200&c=black	https://char.iis.sinica.edu.tw/TTF/getTTF1.aspx?word=%E7%BC%B6&f=%E5%B0%8F%E7%AF%86&s=200&c=black	https://chardb.iis.sinica.edu.tw/search.jsp?q=%E7%BC%B6&stype=0			TRUE
mono-237	甪	甪	Lù	lộ	họ [Lu4] / tên địa danh	họ [Lu4]	tên địa danh	Chỉ sự/độc thể	Dạng chữ độc thể; đối chiếu Giáp Cốt văn, Kim văn và Tiểu Triện ở chuỗi hình bên cạnh.	0	Viết theo hoạt ảnh từng nét trong ứng dụng; tuân thủ trên trước dưới, trái trước phải.	甪	Thường giữ nguyên hình khi làm thành phần; có thể co hẹp theo vị trí.	5	Số đếm, Phương hướng & Khái niệm	0	FALSE	https://char.iis.sinica.edu.tw/TTF/getTTF1.aspx?word=%E7%94%AA&f=%E7%94%B2%E9%AA%A8%E6%96%87&s=200&c=black	https://char.iis.sinica.edu.tw/TTF/getTTF1.aspx?word=%E7%94%AA&f=%E9%87%91%E6%96%87&s=200&c=black	https://char.iis.sinica.edu.tw/TTF/getTTF1.aspx?word=%E7%94%AA&f=%E5%B0%8F%E7%AF%86&s=200&c=black	https://chardb.iis.sinica.edu.tw/search.jsp?q=%E7%94%AA&stype=0			TRUE
mono-238	产	產	chǎn	sản	sinh đẻ / sinh sản / sản xuất / sản phẩm / tài nguyên / tài sản / bất động sản	sinh đẻ	sinh sản / sản xuất / sản phẩm / tài nguyên / tài sản / bất động sản	Chỉ sự/độc thể	Đối chiếu hình chữ cổ để nhận ra nét nghĩa gốc; ghi chú nguồn: Simplified form of 產. Phonosemantic compound. 生 represents the meaning and 彥 represents the sound. The traditional component 生 was removed for simplification.	0	Viết theo hoạt ảnh từng nét trong ứng dụng; tuân thủ trên trước dưới, trái trước phải.	产	Thường giữ nguyên hình khi làm thành phần; có thể co hẹp theo vị trí.	5	Số đếm, Phương hướng & Khái niệm	0	FALSE	https://char.iis.sinica.edu.tw/TTF/getTTF1.aspx?word=%E4%BA%A7&f=%E7%94%B2%E9%AA%A8%E6%96%87&s=200&c=black	https://char.iis.sinica.edu.tw/TTF/getTTF1.aspx?word=%E4%BA%A7&f=%E9%87%91%E6%96%87&s=200&c=black	https://char.iis.sinica.edu.tw/TTF/getTTF1.aspx?word=%E4%BA%A7&f=%E5%B0%8F%E7%AF%86&s=200&c=black	https://chardb.iis.sinica.edu.tw/search.jsp?q=%E4%BA%A7&stype=0	产品 | 产生 | 生产 | 财产	产品 | 产生 | 生产	TRUE
mono-239	亥	亥	hài	hợi	địa chi thứ 12: 9-11 giờ tối, tháng 10 âm lịch (7 tháng Mười Một-6 tháng Mười Hai), năm Hợi / phương vị la bàn cổ Trung Quốc: 330°	địa chi thứ 12: 9-11 giờ tối, tháng 10 âm lịch (7 tháng Mười Một-6 tháng Mười Hai), năm Hợi	phương vị la bàn cổ Trung Quốc: 330°	Tượng hình	Đối chiếu hình chữ cổ để nhận ra nét nghĩa gốc; ghi chú nguồn: Pictograph of roots.	0	Viết theo hoạt ảnh từng nét trong ứng dụng; tuân thủ trên trước dưới, trái trước phải.	亥	Thường giữ nguyên hình khi làm thành phần; có thể co hẹp theo vị trí.	5	Số đếm, Phương hướng & Khái niệm	0	FALSE	https://char.iis.sinica.edu.tw/TTF/getTTF1.aspx?word=%E4%BA%A5&f=%E7%94%B2%E9%AA%A8%E6%96%87&s=200&c=black	https://char.iis.sinica.edu.tw/TTF/getTTF1.aspx?word=%E4%BA%A5&f=%E9%87%91%E6%96%87&s=200&c=black	https://char.iis.sinica.edu.tw/TTF/getTTF1.aspx?word=%E4%BA%A5&f=%E5%B0%8F%E7%AF%86&s=200&c=black	https://chardb.iis.sinica.edu.tw/search.jsp?q=%E4%BA%A5&stype=0	俄亥俄州 | 俄亥俄 | 辛亥革命 | 辛亥	俄亥俄州 | 俄亥俄 | 辛亥革命	TRUE
mono-240	羊	羊	Yáng	dương	họ [Yang2]	họ [Yang2]		Tượng hình	Đối chiếu hình chữ cổ để nhận ra nét nghĩa gốc; ghi chú nguồn: Pictograph of the horns on a sheep.	0	Viết theo hoạt ảnh từng nét trong ứng dụng; tuân thủ trên trước dưới, trái trước phải.	羊	Thường giữ nguyên hình khi làm thành phần; có thể co hẹp theo vị trí.	3	Động vật & Thực vật	137	TRUE	https://char.iis.sinica.edu.tw/TTF/getTTF1.aspx?word=%E7%BE%8A&f=%E7%94%B2%E9%AA%A8%E6%96%87&s=200&c=black	https://char.iis.sinica.edu.tw/TTF/getTTF1.aspx?word=%E7%BE%8A&f=%E9%87%91%E6%96%87&s=200&c=black	https://char.iis.sinica.edu.tw/TTF/getTTF1.aspx?word=%E7%BE%8A&f=%E5%B0%8F%E7%AF%86&s=200&c=black	https://chardb.iis.sinica.edu.tw/search.jsp?q=%E7%BE%8A&stype=0	白羊座 | 山羊 | 羊肉 | 羊毛	白羊座 | 山羊 | 羊肉	TRUE
mono-241	米	米	Mǐ	mễ	họ [Mi3]	họ [Mi3]		Tượng hình	Đối chiếu hình chữ cổ để nhận ra nét nghĩa gốc; ghi chú nguồn: Pictograph of grains of rice.	0	Viết theo hoạt ảnh từng nét trong ứng dụng; tuân thủ trên trước dưới, trái trước phải.	米	Thường giữ nguyên hình khi làm thành phần; có thể co hẹp theo vị trí.	3	Động vật & Thực vật	78	TRUE	https://char.iis.sinica.edu.tw/TTF/getTTF1.aspx?word=%E7%B1%B3&f=%E7%94%B2%E9%AA%A8%E6%96%87&s=200&c=black	https://char.iis.sinica.edu.tw/TTF/getTTF1.aspx?word=%E7%B1%B3&f=%E9%87%91%E6%96%87&s=200&c=black	https://char.iis.sinica.edu.tw/TTF/getTTF1.aspx?word=%E7%B1%B3&f=%E5%B0%8F%E7%AF%86&s=200&c=black	https://chardb.iis.sinica.edu.tw/search.jsp?q=%E7%B1%B3&stype=0	平方米 | 玉米 | 米兰 | 纳米	平方米 | 玉米 | 米兰	TRUE
mono-242	州	州	zhōu	châu	châu / (cũ) tỉnh / (cũ) đơn vị hành chính / bang (ví dụ: của Mỹ) / vùng (Nga) / tiểu bang (Thụy Sĩ)	châu	(cũ) tỉnh / (cũ) đơn vị hành chính / bang (ví dụ: của Mỹ) / vùng (Nga) / tiểu bang (Thụy Sĩ)	Tượng hình	Đối chiếu hình chữ cổ để nhận ra nét nghĩa gốc; ghi chú nguồn: Pictograph of a region of dry land between two rivers.	0	Viết theo hoạt ảnh từng nét trong ứng dụng; tuân thủ trên trước dưới, trái trước phải.	州	Thường giữ nguyên hình khi làm thành phần; có thể co hẹp theo vị trí.	1	Tự nhiên & Vũ trụ	92	TRUE	https://char.iis.sinica.edu.tw/TTF/getTTF1.aspx?word=%E5%B7%9E&f=%E7%94%B2%E9%AA%A8%E6%96%87&s=200&c=black	https://char.iis.sinica.edu.tw/TTF/getTTF1.aspx?word=%E5%B7%9E&f=%E9%87%91%E6%96%87&s=200&c=black	https://char.iis.sinica.edu.tw/TTF/getTTF1.aspx?word=%E5%B7%9E&f=%E5%B0%8F%E7%AF%86&s=200&c=black	https://chardb.iis.sinica.edu.tw/search.jsp?q=%E5%B7%9E&stype=0	广州 | 加州 | 杭州 | 州长	广州 | 加州 | 杭州	TRUE
mono-243	农	農	Nóng	nông	họ [Nong2]	họ [Nong2]		Tượng hình	Đối chiếu hình chữ cổ để nhận ra nét nghĩa gốc; ghi chú nguồn: Simplified form of 農. Depicts using a farming tool (辰) in a field (田) surrounded by forest (林). The traditional component 林 was removed for simplification.	0	Viết theo hoạt ảnh từng nét trong ứng dụng; tuân thủ trên trước dưới, trái trước phải.	农	Thường giữ nguyên hình khi làm thành phần; có thể co hẹp theo vị trí.	5	Số đếm, Phương hướng & Khái niệm	0	FALSE	https://char.iis.sinica.edu.tw/TTF/getTTF1.aspx?word=%E5%86%9C&f=%E7%94%B2%E9%AA%A8%E6%96%87&s=200&c=black	https://char.iis.sinica.edu.tw/TTF/getTTF1.aspx?word=%E5%86%9C&f=%E9%87%91%E6%96%87&s=200&c=black	https://char.iis.sinica.edu.tw/TTF/getTTF1.aspx?word=%E5%86%9C&f=%E5%B0%8F%E7%AF%86&s=200&c=black	https://chardb.iis.sinica.edu.tw/search.jsp?q=%E5%86%9C&stype=0	农场 | 农民 | 农村 | 农业	农场 | 农民 | 农村	TRUE
mono-244	聿	聿	yù	duật	cây bút / bộ Khang Hy số 129	cây bút	bộ Khang Hy số 129	Tượng hình	Đối chiếu hình chữ cổ để nhận ra nét nghĩa gốc; ghi chú nguồn: Pictograph of a hand holding a writing utensil.	0	Viết theo hoạt ảnh từng nét trong ứng dụng; tuân thủ trên trước dưới, trái trước phải.	聿	Thường giữ nguyên hình khi làm thành phần; có thể co hẹp theo vị trí.	5	Số đếm, Phương hướng & Khái niệm	0	FALSE	https://char.iis.sinica.edu.tw/TTF/getTTF1.aspx?word=%E8%81%BF&f=%E7%94%B2%E9%AA%A8%E6%96%87&s=200&c=black	https://char.iis.sinica.edu.tw/TTF/getTTF1.aspx?word=%E8%81%BF&f=%E9%87%91%E6%96%87&s=200&c=black	https://char.iis.sinica.edu.tw/TTF/getTTF1.aspx?word=%E8%81%BF&f=%E5%B0%8F%E7%AF%86&s=200&c=black	https://chardb.iis.sinica.edu.tw/search.jsp?q=%E8%81%BF&stype=0	贝聿铭	贝聿铭	TRUE
mono-245	艮	艮	gěn	cấn	cùn / dai / nhai không nổi	cùn	dai / nhai không nổi	Chỉ sự/độc thể	Đối chiếu hình chữ cổ để nhận ra nét nghĩa gốc; ghi chú nguồn: Origin unclear. Originally written with 目 over 匕.	0	Viết theo hoạt ảnh từng nét trong ứng dụng; tuân thủ trên trước dưới, trái trước phải.	艮	Thường giữ nguyên hình khi làm thành phần; có thể co hẹp theo vị trí.	5	Số đếm, Phương hướng & Khái niệm	0	FALSE	https://char.iis.sinica.edu.tw/TTF/getTTF1.aspx?word=%E8%89%AE&f=%E7%94%B2%E9%AA%A8%E6%96%87&s=200&c=black	https://char.iis.sinica.edu.tw/TTF/getTTF1.aspx?word=%E8%89%AE&f=%E9%87%91%E6%96%87&s=200&c=black	https://char.iis.sinica.edu.tw/TTF/getTTF1.aspx?word=%E8%89%AE&f=%E5%B0%8F%E7%AF%86&s=200&c=black	https://chardb.iis.sinica.edu.tw/search.jsp?q=%E8%89%AE&stype=0			TRUE
mono-246	严	嚴	Yán	nghiêm	họ [Yan2]	họ [Yan2]		Chỉ sự/độc thể	"Đối chiếu hình chữ cổ để nhận ra nét nghĩa gốc; ghi chú nguồn: Simplified form of 嚴. Phonosemantic compound. 喦 represents the meaning and 敢 represents the sound. Based on the original meaning ""boast"". The meaning later shifted to ""extremely"" and ""severe"". The traditional component 敢 was removed for simplification."	0	Viết theo hoạt ảnh từng nét trong ứng dụng; tuân thủ trên trước dưới, trái trước phải.	严	Thường giữ nguyên hình khi làm thành phần; có thể co hẹp theo vị trí.	5	Số đếm, Phương hướng & Khái niệm	0	FALSE	https://char.iis.sinica.edu.tw/TTF/getTTF1.aspx?word=%E4%B8%A5&f=%E7%94%B2%E9%AA%A8%E6%96%87&s=200&c=black	https://char.iis.sinica.edu.tw/TTF/getTTF1.aspx?word=%E4%B8%A5&f=%E9%87%91%E6%96%87&s=200&c=black	https://char.iis.sinica.edu.tw/TTF/getTTF1.aspx?word=%E4%B8%A5&f=%E5%B0%8F%E7%AF%86&s=200&c=black	https://chardb.iis.sinica.edu.tw/search.jsp?q=%E4%B8%A5&stype=0	严重 | 严格 | 严肃 | 尊严	严重 | 严格 | 严肃	TRUE
mono-247	求	求	qiú	cầu	tìm kiếm / tìm / thỉnh cầu / yêu cầu / cầu xin	tìm kiếm	tìm / thỉnh cầu / yêu cầu / cầu xin	Tượng hình	"Đối chiếu hình chữ cổ để nhận ra nét nghĩa gốc; ghi chú nguồn: Pictograph of a crawling insect. The current meaning ""seek"" or ""beg"" is a phonetic loan."	0	Viết theo hoạt ảnh từng nét trong ứng dụng; tuân thủ trên trước dưới, trái trước phải.	求	Thường giữ nguyên hình khi làm thành phần; có thể co hẹp theo vị trí.	5	Số đếm, Phương hướng & Khái niệm	41	TRUE	https://char.iis.sinica.edu.tw/TTF/getTTF1.aspx?word=%E6%B1%82&f=%E7%94%B2%E9%AA%A8%E6%96%87&s=200&c=black	https://char.iis.sinica.edu.tw/TTF/getTTF1.aspx?word=%E6%B1%82&f=%E9%87%91%E6%96%87&s=200&c=black	https://char.iis.sinica.edu.tw/TTF/getTTF1.aspx?word=%E6%B1%82&f=%E5%B0%8F%E7%AF%86&s=200&c=black	https://chardb.iis.sinica.edu.tw/search.jsp?q=%E6%B1%82&stype=0	要求 | 需求 | 追求 | 请求	要求 | 需求 | 追求	TRUE
mono-248	甫	甫	fǔ	phủ	(văn cổ) vừa mới / vừa / vừa rồi	(văn cổ) vừa mới	vừa / vừa rồi	Tượng hình	Đối chiếu hình chữ cổ để nhận ra nét nghĩa gốc; ghi chú nguồn: Pictograph of something sprouting (屮) from a field (田), depicting a garden or orchard, now written as 圃. The current meaning is a phonetic loan.	0	Viết theo hoạt ảnh từng nét trong ứng dụng; tuân thủ trên trước dưới, trái trước phải.	甫	Thường giữ nguyên hình khi làm thành phần; có thể co hẹp theo vị trí.	5	Số đếm, Phương hướng & Khái niệm	0	FALSE	https://char.iis.sinica.edu.tw/TTF/getTTF1.aspx?word=%E7%94%AB&f=%E7%94%B2%E9%AA%A8%E6%96%87&s=200&c=black	https://char.iis.sinica.edu.tw/TTF/getTTF1.aspx?word=%E7%94%AB&f=%E9%87%91%E6%96%87&s=200&c=black	https://char.iis.sinica.edu.tw/TTF/getTTF1.aspx?word=%E7%94%AB&f=%E5%B0%8F%E7%AF%86&s=200&c=black	https://chardb.iis.sinica.edu.tw/search.jsp?q=%E7%94%AB&stype=0	杜甫 | 皇甫 | 神甫 | 辜振甫	杜甫 | 皇甫 | 神甫	TRUE
mono-249	更	更	gēng	xâu / canh	thay đổi hoặc thay thế / trải qua / một trong năm khoảng thời gian hai giờ mà đêm từng được chia ra / canh (ví dụ: của lính gác hoặc bảo vệ)	thay đổi hoặc thay thế	trải qua / một trong năm khoảng thời gian hai giờ mà đêm từng được chia ra / canh (ví dụ: của lính gác hoặc bảo vệ)	Chỉ sự/độc thể	Đối chiếu hình chữ cổ để nhận ra nét nghĩa gốc; ghi chú nguồn: Phonosemantic compound. 攴 represents the meaning and 丙 represents the sound.	0	Viết theo hoạt ảnh từng nét trong ứng dụng; tuân thủ trên trước dưới, trái trước phải.	更	Thường giữ nguyên hình khi làm thành phần; có thể co hẹp theo vị trí.	5	Số đếm, Phương hướng & Khái niệm	27	TRUE	https://char.iis.sinica.edu.tw/TTF/getTTF1.aspx?word=%E6%9B%B4&f=%E7%94%B2%E9%AA%A8%E6%96%87&s=200&c=black	https://char.iis.sinica.edu.tw/TTF/getTTF1.aspx?word=%E6%9B%B4&f=%E9%87%91%E6%96%87&s=200&c=black	https://char.iis.sinica.edu.tw/TTF/getTTF1.aspx?word=%E6%9B%B4&f=%E5%B0%8F%E7%AF%86&s=200&c=black	https://chardb.iis.sinica.edu.tw/search.jsp?q=%E6%9B%B4&stype=0	更加 | 更新 | 更为 | 更换	更加 | 更新 | 更为	TRUE
mono-250	束	束	Shù	thút	họ [Shu4]	họ [Shu4]		Tượng hình	Đối chiếu hình chữ cổ để nhận ra nét nghĩa gốc; ghi chú nguồn: Pictograph of a bag tied at both ends.	0	Viết theo hoạt ảnh từng nét trong ứng dụng; tuân thủ trên trước dưới, trái trước phải.	束	Thường giữ nguyên hình khi làm thành phần; có thể co hẹp theo vị trí.	5	Số đếm, Phương hướng & Khái niệm	0	FALSE	https://char.iis.sinica.edu.tw/TTF/getTTF1.aspx?word=%E6%9D%9F&f=%E7%94%B2%E9%AA%A8%E6%96%87&s=200&c=black	https://char.iis.sinica.edu.tw/TTF/getTTF1.aspx?word=%E6%9D%9F&f=%E9%87%91%E6%96%87&s=200&c=black	https://char.iis.sinica.edu.tw/TTF/getTTF1.aspx?word=%E6%9D%9F&f=%E5%B0%8F%E7%AF%86&s=200&c=black	https://chardb.iis.sinica.edu.tw/search.jsp?q=%E6%9D%9F&stype=0	结束 | 约束 | 束缚 | 装束	结束 | 约束 | 束缚	TRUE
mono-251	两	兩	liǎng	lưỡng	hai / cả hai / một vài / một ít / lạng, đơn vị đo lường bằng 50 gram (hiện đại) hoặc 1⁄16 cân 斤[jin1] (thời xưa)	hai	cả hai / một vài / một ít / lạng, đơn vị đo lường bằng 50 gram (hiện đại) hoặc 1⁄16 cân 斤[jin1] (thời xưa)	Chỉ sự/độc thể	Đối chiếu hình chữ cổ để nhận ra nét nghĩa gốc; ghi chú nguồn: Simplified form of 兩. Combination of two 丙 characters. The significance of 丙 is unclear.	0	Viết theo hoạt ảnh từng nét trong ứng dụng; tuân thủ trên trước dưới, trái trước phải.	两	Thường giữ nguyên hình khi làm thành phần; có thể co hẹp theo vị trí.	5	Số đếm, Phương hướng & Khái niệm	23	TRUE	https://char.iis.sinica.edu.tw/TTF/getTTF1.aspx?word=%E4%B8%A4&f=%E7%94%B2%E9%AA%A8%E6%96%87&s=200&c=black	https://char.iis.sinica.edu.tw/TTF/getTTF1.aspx?word=%E4%B8%A4&f=%E9%87%91%E6%96%87&s=200&c=black	https://char.iis.sinica.edu.tw/TTF/getTTF1.aspx?word=%E4%B8%A4&f=%E5%B0%8F%E7%AF%86&s=200&c=black	https://chardb.iis.sinica.edu.tw/search.jsp?q=%E4%B8%A4&stype=0	两国 | 两岸 | 两者 | 两边	两国 | 两岸 | 两者	TRUE
mono-252	酉	酉	yǒu	dấu	địa chi thứ 10: 5-7 giờ chiều, tháng 8 âm lịch (8 tháng 9-7 tháng 10), năm Dậu / hướng la bàn Trung Quốc cổ: 270° (tây)	địa chi thứ 10: 5-7 giờ chiều, tháng 8 âm lịch (8 tháng 9-7 tháng 10), năm Dậu	hướng la bàn Trung Quốc cổ: 270° (tây)	Tượng hình	Đối chiếu hình chữ cổ để nhận ra nét nghĩa gốc; ghi chú nguồn: Pictograph of a container for wine.	0	Viết theo hoạt ảnh từng nét trong ứng dụng; tuân thủ trên trước dưới, trái trước phải.	酉	Thường giữ nguyên hình khi làm thành phần; có thể co hẹp theo vị trí.	5	Số đếm, Phương hướng & Khái niệm	0	FALSE	https://char.iis.sinica.edu.tw/TTF/getTTF1.aspx?word=%E9%85%89&f=%E7%94%B2%E9%AA%A8%E6%96%87&s=200&c=black	https://char.iis.sinica.edu.tw/TTF/getTTF1.aspx?word=%E9%85%89&f=%E9%87%91%E6%96%87&s=200&c=black	https://char.iis.sinica.edu.tw/TTF/getTTF1.aspx?word=%E9%85%89&f=%E5%B0%8F%E7%AF%86&s=200&c=black	https://chardb.iis.sinica.edu.tw/search.jsp?q=%E9%85%89&stype=0	乙酉 | 辛酉 | 酉阳 | 丁酉	乙酉 | 辛酉 | 酉阳	TRUE
mono-253	来	來	lái	lai	đến / (dùng thay cho động từ cụ thể hơn) / lại đây (bổ ngữ hướng chỉ động tác về phía người nói, như trong 回來|回来[hui2lai5]) / từ khi (như trong 自古以來|自古以来[zi4gu3 yi3lai2]) / trong (khoảng thời gian đã qua) / (tiền tố) ... sắp tới; ... tiếp theo (như trong 來世|来世[lai2shi4]) / (giữa hai động từ) để / (sau số tròn) khoảng / chỉ khả năng sau 得[de2], như trong 談得來|谈得来[tan2de5lai2], hoặc chỉ không khả năng sau 不[bu4], như trong 吃不來|吃不来[chi1bu5lai2])	đến	(dùng thay cho động từ cụ thể hơn) / lại đây (bổ ngữ hướng chỉ động tác về phía người nói, như trong 回來|回来[hui2lai5]) / từ khi (như trong 自古以來|自古以来[zi4gu3 yi3lai2]) / trong (khoảng thời gian đã qua) / (tiền tố) ... sắp tới; ... tiếp theo (như trong 來世|来世[lai2shi4]) / (giữa hai động từ) để / (sau số tròn) khoảng / chỉ khả năng sau 得[de2], như trong 談得來|谈得来[tan2de5lai2], hoặc chỉ không khả năng sau 不[bu4], như trong 吃不來|吃不来[chi1bu5lai2])	Tượng hình	"Đối chiếu hình chữ cổ để nhận ra nét nghĩa gốc; ghi chú nguồn: Simplified form of 來. Pictograph of wheat. The current meaning ""come"" is a phonetic loan. The original meaning ""wheat"" is now written as 麥."	0	Viết theo hoạt ảnh từng nét trong ứng dụng; tuân thủ trên trước dưới, trái trước phải.	来	Thường giữ nguyên hình khi làm thành phần; có thể co hẹp theo vị trí.	5	Số đếm, Phương hướng & Khái niệm	5	TRUE	https://char.iis.sinica.edu.tw/TTF/getTTF1.aspx?word=%E6%9D%A5&f=%E7%94%B2%E9%AA%A8%E6%96%87&s=200&c=black	https://char.iis.sinica.edu.tw/TTF/getTTF1.aspx?word=%E6%9D%A5&f=%E9%87%91%E6%96%87&s=200&c=black	https://char.iis.sinica.edu.tw/TTF/getTTF1.aspx?word=%E6%9D%A5&f=%E5%B0%8F%E7%AF%86&s=200&c=black	https://chardb.iis.sinica.edu.tw/search.jsp?q=%E6%9D%A5&stype=0	起来 | 出来 | 回来 | 过来	起来 | 出来 | 回来	TRUE
mono-254	豕	豕	shǐ	thỉ	heo / lợn	heo	lợn	Tượng hình	Đối chiếu hình chữ cổ để nhận ra nét nghĩa gốc; ghi chú nguồn: Pictograph of a hog.	0	Viết theo hoạt ảnh từng nét trong ứng dụng; tuân thủ trên trước dưới, trái trước phải.	豕	Thường giữ nguyên hình khi làm thành phần; có thể co hẹp theo vị trí.	3	Động vật & Thực vật	0	FALSE	https://char.iis.sinica.edu.tw/TTF/getTTF1.aspx?word=%E8%B1%95&f=%E7%94%B2%E9%AA%A8%E6%96%87&s=200&c=black	https://char.iis.sinica.edu.tw/TTF/getTTF1.aspx?word=%E8%B1%95&f=%E9%87%91%E6%96%87&s=200&c=black	https://char.iis.sinica.edu.tw/TTF/getTTF1.aspx?word=%E8%B1%95&f=%E5%B0%8F%E7%AF%86&s=200&c=black	https://chardb.iis.sinica.edu.tw/search.jsp?q=%E8%B1%95&stype=0	狼奔豕突	狼奔豕突	TRUE
mono-255	里	裏	lǐ	lịa	biến thể của 裡|里[li3]	biến thể của 裡|里[li3]		Chỉ sự/độc thể	"Đối chiếu hình chữ cổ để nhận ra nét nghĩa gốc; ghi chú nguồn: A village (里) is an area of land (土) where people have fields (田). In simplified Chinese 里 is also used to mean ""inside"", while in traditional Chinese this meaning is written with a separate character 裡."	0	Viết theo hoạt ảnh từng nét trong ứng dụng; tuân thủ trên trước dưới, trái trước phải.	里	Thường giữ nguyên hình khi làm thành phần; có thể co hẹp theo vị trí.	5	Số đếm, Phương hướng & Khái niệm	11	TRUE	https://char.iis.sinica.edu.tw/TTF/getTTF1.aspx?word=%E9%87%8C&f=%E7%94%B2%E9%AA%A8%E6%96%87&s=200&c=black	https://char.iis.sinica.edu.tw/TTF/getTTF1.aspx?word=%E9%87%8C&f=%E9%87%91%E6%96%87&s=200&c=black	https://char.iis.sinica.edu.tw/TTF/getTTF1.aspx?word=%E9%87%8C&f=%E5%B0%8F%E7%AF%86&s=200&c=black	https://chardb.iis.sinica.edu.tw/search.jsp?q=%E9%87%8C&stype=0	这里 | 那里 | 哪里 | 里面	这里 | 那里 | 哪里	TRUE
mono-256	串	串	chuàn	xuyến	xâu lại / xiên / kết nối sai / cấu kết / đi lang thang / xâu / chùm / phân loại cho những thứ được xâu lại, thành chùm, hoặc thành hàng: một xâu, một chùm, một loạt / chuyển động nhanh hoặc đột ngột theo đường thẳng (như hạt trên bàn tính) / di chuyển qua	xâu lại	xiên / kết nối sai / cấu kết / đi lang thang / xâu / chùm / phân loại cho những thứ được xâu lại, thành chùm, hoặc thành hàng: một xâu, một chùm, một loạt / chuyển động nhanh hoặc đột ngột theo đường thẳng (như hạt trên bàn tính) / di chuyển qua	Tượng hình	Đối chiếu hình chữ cổ để nhận ra nét nghĩa gốc; ghi chú nguồn: Pictograph of two objects on a skewer or strung together.	0	Viết theo hoạt ảnh từng nét trong ứng dụng; tuân thủ trên trước dưới, trái trước phải.	串	Thường giữ nguyên hình khi làm thành phần; có thể co hẹp theo vị trí.	5	Số đếm, Phương hướng & Khái niệm	0	FALSE	https://char.iis.sinica.edu.tw/TTF/getTTF1.aspx?word=%E4%B8%B2&f=%E7%94%B2%E9%AA%A8%E6%96%87&s=200&c=black	https://char.iis.sinica.edu.tw/TTF/getTTF1.aspx?word=%E4%B8%B2&f=%E9%87%91%E6%96%87&s=200&c=black	https://char.iis.sinica.edu.tw/TTF/getTTF1.aspx?word=%E4%B8%B2&f=%E5%B0%8F%E7%AF%86&s=200&c=black	https://chardb.iis.sinica.edu.tw/search.jsp?q=%E4%B8%B2&stype=0	一连串 | 客串 | 串通 | 串门	一连串 | 客串 | 串通	TRUE
mono-257	芈	羋	Mǐ	mễ	họ [Mi3]	họ [Mi3]		Chỉ sự/độc thể	Dạng chữ độc thể; đối chiếu Giáp Cốt văn, Kim văn và Tiểu Triện ở chuỗi hình bên cạnh.	0	Viết theo hoạt ảnh từng nét trong ứng dụng; tuân thủ trên trước dưới, trái trước phải.	芈	Thường giữ nguyên hình khi làm thành phần; có thể co hẹp theo vị trí.	5	Số đếm, Phương hướng & Khái niệm	0	FALSE	https://char.iis.sinica.edu.tw/TTF/getTTF1.aspx?word=%E8%8A%88&f=%E7%94%B2%E9%AA%A8%E6%96%87&s=200&c=black	https://char.iis.sinica.edu.tw/TTF/getTTF1.aspx?word=%E8%8A%88&f=%E9%87%91%E6%96%87&s=200&c=black	https://char.iis.sinica.edu.tw/TTF/getTTF1.aspx?word=%E8%8A%88&f=%E5%B0%8F%E7%AF%86&s=200&c=black	https://chardb.iis.sinica.edu.tw/search.jsp?q=%E8%8A%88&stype=0			TRUE
mono-258	身	身	shēn	thân	cơ thể / cuộc đời / bản thân / đích thân / đạo đức và phẩm hạnh của một người / phần chính của cấu trúc hoặc cơ thể / mang thai / lượng từ cho bộ quần áo: bộ, bộ đôi / bộ Kangxi số 158	cơ thể	cuộc đời / bản thân / đích thân / đạo đức và phẩm hạnh của một người / phần chính của cấu trúc hoặc cơ thể / mang thai / lượng từ cho bộ quần áo: bộ, bộ đôi / bộ Kangxi số 158	Tượng hình	Đối chiếu hình chữ cổ để nhận ra nét nghĩa gốc; ghi chú nguồn: Pictograph of a person with an protruding midsection. The protruding midsection is variously explained as (1) representing the main part of a person's body, or (2) as representing a pregnant woman that has a body inside her body.	0	Viết theo hoạt ảnh từng nét trong ứng dụng; tuân thủ trên trước dưới, trái trước phải.	身	Thường giữ nguyên hình khi làm thành phần; có thể co hẹp theo vị trí.	2	Con người & Cơ thể	67	TRUE	https://char.iis.sinica.edu.tw/TTF/getTTF1.aspx?word=%E8%BA%AB&f=%E7%94%B2%E9%AA%A8%E6%96%87&s=200&c=black	https://char.iis.sinica.edu.tw/TTF/getTTF1.aspx?word=%E8%BA%AB&f=%E9%87%91%E6%96%87&s=200&c=black	https://char.iis.sinica.edu.tw/TTF/getTTF1.aspx?word=%E8%BA%AB&f=%E5%B0%8F%E7%AF%86&s=200&c=black	https://chardb.iis.sinica.edu.tw/search.jsp?q=%E8%BA%AB&stype=0	身体 | 身上 | 身边 | 身份	身体 | 身上 | 身边	TRUE
mono-259	系	係	xì	hệ	kết nối / liên quan đến / buộc / ràng buộc / là (văn học)	kết nối	liên quan đến / buộc / ràng buộc / là (văn học)	Tượng hình	Đối chiếu hình chữ cổ để nhận ra nét nghĩa gốc; ghi chú nguồn: Pictograph of a hand (又) holding a group of threads (糸) that are connected together (系).	0	Viết theo hoạt ảnh từng nét trong ứng dụng; tuân thủ trên trước dưới, trái trước phải.	系	Thường giữ nguyên hình khi làm thành phần; có thể co hẹp theo vị trí.	5	Số đếm, Phương hướng & Khái niệm	121	TRUE	https://char.iis.sinica.edu.tw/TTF/getTTF1.aspx?word=%E7%B3%BB&f=%E7%94%B2%E9%AA%A8%E6%96%87&s=200&c=black	https://char.iis.sinica.edu.tw/TTF/getTTF1.aspx?word=%E7%B3%BB&f=%E9%87%91%E6%96%87&s=200&c=black	https://char.iis.sinica.edu.tw/TTF/getTTF1.aspx?word=%E7%B3%BB&f=%E5%B0%8F%E7%AF%86&s=200&c=black	https://chardb.iis.sinica.edu.tw/search.jsp?q=%E7%B3%BB&stype=0	关系 | 系统 | 联系 | 没关系	关系 | 系统 | 联系	TRUE
mono-260	豸	豸	zhì	trại	động vật không xương sống giống sâu / động vật thần thoại (xem 獬豸[xie4 zhi4]) / bộ trong chữ Hán (bộ Khang Hy số 153)	động vật không xương sống giống sâu	động vật thần thoại (xem 獬豸[xie4 zhi4]) / bộ trong chữ Hán (bộ Khang Hy số 153)	Tượng hình	Đối chiếu hình chữ cổ để nhận ra nét nghĩa gốc; ghi chú nguồn: Pictograph of some sort of beast or insect.	0	Viết theo hoạt ảnh từng nét trong ứng dụng; tuân thủ trên trước dưới, trái trước phải.	豸	Thường giữ nguyên hình khi làm thành phần; có thể co hẹp theo vị trí.	5	Số đếm, Phương hướng & Khái niệm	0	FALSE	https://char.iis.sinica.edu.tw/TTF/getTTF1.aspx?word=%E8%B1%B8&f=%E7%94%B2%E9%AA%A8%E6%96%87&s=200&c=black	https://char.iis.sinica.edu.tw/TTF/getTTF1.aspx?word=%E8%B1%B8&f=%E9%87%91%E6%96%87&s=200&c=black	https://char.iis.sinica.edu.tw/TTF/getTTF1.aspx?word=%E8%B1%B8&f=%E5%B0%8F%E7%AF%86&s=200&c=black	https://chardb.iis.sinica.edu.tw/search.jsp?q=%E8%B1%B8&stype=0	虫豸	虫豸	TRUE
mono-261	辛	辛	Xīn	tân	họ [Xin1]	họ [Xin1]		Tượng hình	Đối chiếu hình chữ cổ để nhận ra nét nghĩa gốc; ghi chú nguồn: Pictograph of a chisel-like tool used to tattoo the face of criminals as punishment (see 黑).	0	Viết theo hoạt ảnh từng nét trong ứng dụng; tuân thủ trên trước dưới, trái trước phải.	辛	Thường giữ nguyên hình khi làm thành phần; có thể co hẹp theo vị trí.	5	Số đếm, Phương hướng & Khái niệm	0	FALSE	https://char.iis.sinica.edu.tw/TTF/getTTF1.aspx?word=%E8%BE%9B&f=%E7%94%B2%E9%AA%A8%E6%96%87&s=200&c=black	https://char.iis.sinica.edu.tw/TTF/getTTF1.aspx?word=%E8%BE%9B&f=%E9%87%91%E6%96%87&s=200&c=black	https://char.iis.sinica.edu.tw/TTF/getTTF1.aspx?word=%E8%BE%9B&f=%E5%B0%8F%E7%AF%86&s=200&c=black	https://chardb.iis.sinica.edu.tw/search.jsp?q=%E8%BE%9B&stype=0	辛苦 | 艰辛 | 辛普森 | 辛勤	辛苦 | 艰辛 | 辛普森	TRUE
mono-262	良	良	liáng	lương	tốt / rất / rất nhiều	tốt	rất / rất nhiều	Tượng hình	"Đối chiếu hình chữ cổ để nhận ra nét nghĩa gốc; ghi chú nguồn: Pictograph of a hallway, now written as 廊. The character is based on the original meaning ""hallway"", which is unrelated to the modern meaning."	0	Viết theo hoạt ảnh từng nét trong ứng dụng; tuân thủ trên trước dưới, trái trước phải.	良	Thường giữ nguyên hình khi làm thành phần; có thể co hẹp theo vị trí.	5	Số đếm, Phương hướng & Khái niệm	0	FALSE	https://char.iis.sinica.edu.tw/TTF/getTTF1.aspx?word=%E8%89%AF&f=%E7%94%B2%E9%AA%A8%E6%96%87&s=200&c=black	https://char.iis.sinica.edu.tw/TTF/getTTF1.aspx?word=%E8%89%AF&f=%E9%87%91%E6%96%87&s=200&c=black	https://char.iis.sinica.edu.tw/TTF/getTTF1.aspx?word=%E8%89%AF&f=%E5%B0%8F%E7%AF%86&s=200&c=black	https://chardb.iis.sinica.edu.tw/search.jsp?q=%E8%89%AF&stype=0	良好 | 善良 | 不良 | 良心	良好 | 善良 | 不良	TRUE
mono-263	羌	羌	Qiāng	khương	nhóm dân tộc Khương ở tây bắc Tứ Xuyên / họ [Qiang1]	nhóm dân tộc Khương ở tây bắc Tứ Xuyên	họ [Qiang1]	Chỉ sự/độc thể	Đối chiếu hình chữ cổ để nhận ra nét nghĩa gốc; ghi chú nguồn: pictophonetic	0	Viết theo hoạt ảnh từng nét trong ứng dụng; tuân thủ trên trước dưới, trái trước phải.	羌	Thường giữ nguyên hình khi làm thành phần; có thể co hẹp theo vị trí.	5	Số đếm, Phương hướng & Khái niệm	0	FALSE	https://char.iis.sinica.edu.tw/TTF/getTTF1.aspx?word=%E7%BE%8C&f=%E7%94%B2%E9%AA%A8%E6%96%87&s=200&c=black	https://char.iis.sinica.edu.tw/TTF/getTTF1.aspx?word=%E7%BE%8C&f=%E9%87%91%E6%96%87&s=200&c=black	https://char.iis.sinica.edu.tw/TTF/getTTF1.aspx?word=%E7%BE%8C&f=%E5%B0%8F%E7%AF%86&s=200&c=black	https://chardb.iis.sinica.edu.tw/search.jsp?q=%E7%BE%8C&stype=0	羌族 | 羌活 | 羌笛 | 若羌	羌族 | 羌活 | 羌笛	TRUE
mono-264	事	事	shì	sự	sự việc / điều / mục / công việc / vấn đề / LT: 件[jiàn], 樁|桩[zhuāng], 回[huí]	sự việc	điều / mục / công việc / vấn đề / LT: 件[jiàn], 樁|桩[zhuāng], 回[huí]	Chỉ sự/độc thể	Đối chiếu hình chữ cổ để nhận ra nét nghĩa gốc; ghi chú nguồn: The characters 史 (history), 吏 (government official), 使 (cause; use; instruct), and 事 (matter; work; affair) are all etymologically related and all derive from the same ancient character, depicting a hand (又) holding some object. There are various theories about theories about what this object is, including a writing utensil, a container for official documents, a flag, or a hunting tool. These four characters were originally all written the same, but later marks were added to distinguish them.	0	Viết theo hoạt ảnh từng nét trong ứng dụng; tuân thủ trên trước dưới, trái trước phải.	事	Thường giữ nguyên hình khi làm thành phần; có thể co hẹp theo vị trí.	5	Số đếm, Phương hướng & Khái niệm	9	TRUE	https://char.iis.sinica.edu.tw/TTF/getTTF1.aspx?word=%E4%BA%8B&f=%E7%94%B2%E9%AA%A8%E6%96%87&s=200&c=black	https://char.iis.sinica.edu.tw/TTF/getTTF1.aspx?word=%E4%BA%8B&f=%E9%87%91%E6%96%87&s=200&c=black	https://char.iis.sinica.edu.tw/TTF/getTTF1.aspx?word=%E4%BA%8B&f=%E5%B0%8F%E7%AF%86&s=200&c=black	https://chardb.iis.sinica.edu.tw/search.jsp?q=%E4%BA%8B&stype=0	事情 | 故事 | 事件 | 事实	事情 | 故事 | 事件	TRUE
mono-265	雨	雨	yǔ	vũ	mưa / Lượng từ: 陣|阵[zhen4], 場|场[chang2]	mưa	Lượng từ: 陣|阵[zhen4], 場|场[chang2]	Tượng hình	Đối chiếu hình chữ cổ để nhận ra nét nghĩa gốc; ghi chú nguồn: Pictograph of rain falling from a cloud.	0	Viết theo hoạt ảnh từng nét trong ứng dụng; tuân thủ trên trước dưới, trái trước phải.	雨	Thường giữ nguyên hình khi làm thành phần; có thể co hẹp theo vị trí.	1	Tự nhiên & Vũ trụ	107	TRUE	https://char.iis.sinica.edu.tw/TTF/getTTF1.aspx?word=%E9%9B%A8&f=%E7%94%B2%E9%AA%A8%E6%96%87&s=200&c=black	https://char.iis.sinica.edu.tw/TTF/getTTF1.aspx?word=%E9%9B%A8&f=%E9%87%91%E6%96%87&s=200&c=black	https://char.iis.sinica.edu.tw/TTF/getTTF1.aspx?word=%E9%9B%A8&f=%E5%B0%8F%E7%AF%86&s=200&c=black	https://chardb.iis.sinica.edu.tw/search.jsp?q=%E9%9B%A8&stype=0	下雨 | 暴风雨 | 大雨 | 暴雨	下雨 | 暴风雨 | 大雨	TRUE
mono-266	非	非	Fēi	phi	viết tắt của 非洲[Fei1 zhou1], Châu Phi	viết tắt của 非洲[Fei1 zhou1], Châu Phi		Tượng hình	Đối chiếu hình chữ cổ để nhận ra nét nghĩa gốc; ghi chú nguồn: Pictograph of two wings facing opposite directions.	0	Viết theo hoạt ảnh từng nét trong ứng dụng; tuân thủ trên trước dưới, trái trước phải.	非	Thường giữ nguyên hình khi làm thành phần; có thể co hẹp theo vị trí.	5	Số đếm, Phương hướng & Khái niệm	98	TRUE	https://char.iis.sinica.edu.tw/TTF/getTTF1.aspx?word=%E9%9D%9E&f=%E7%94%B2%E9%AA%A8%E6%96%87&s=200&c=black	https://char.iis.sinica.edu.tw/TTF/getTTF1.aspx?word=%E9%9D%9E&f=%E9%87%91%E6%96%87&s=200&c=black	https://char.iis.sinica.edu.tw/TTF/getTTF1.aspx?word=%E9%9D%9E&f=%E5%B0%8F%E7%AF%86&s=200&c=black	https://chardb.iis.sinica.edu.tw/search.jsp?q=%E9%9D%9E&stype=0	非常 | 除非 | 并非 | 非法	非常 | 除非 | 并非	TRUE
mono-267	果	果	guǒ	quả	trái cây / kết quả / kiên quyết / thật sự / nếu thực sự	trái cây	kết quả / kiên quyết / thật sự / nếu thực sự	Tượng hình	Đối chiếu hình chữ cổ để nhận ra nét nghĩa gốc; ghi chú nguồn: Pictograph of fruit growing on a tree.	0	Viết theo hoạt ảnh từng nét trong ứng dụng; tuân thủ trên trước dưới, trái trước phải.	果	Thường giữ nguyên hình khi làm thành phần; có thể co hẹp theo vị trí.	3	Động vật & Thực vật	0	FALSE	https://char.iis.sinica.edu.tw/TTF/getTTF1.aspx?word=%E6%9E%9C&f=%E7%94%B2%E9%AA%A8%E6%96%87&s=200&c=black	https://char.iis.sinica.edu.tw/TTF/getTTF1.aspx?word=%E6%9E%9C&f=%E9%87%91%E6%96%87&s=200&c=black	https://char.iis.sinica.edu.tw/TTF/getTTF1.aspx?word=%E6%9E%9C&f=%E5%B0%8F%E7%AF%86&s=200&c=black	https://chardb.iis.sinica.edu.tw/search.jsp?q=%E6%9E%9C&stype=0	如果 | 结果 | 效果 | 成果	如果 | 结果 | 效果	TRUE
mono-268	垂	垂	chuí	thùy	treo (xuống) / rủ / lủng lẳng / cuối xuống / truyền lại / để lại / gần như / hầu như / tiếp cận	treo (xuống)	rủ / lủng lẳng / cuối xuống / truyền lại / để lại / gần như / hầu như / tiếp cận	Tượng hình	Đối chiếu hình chữ cổ để nhận ra nét nghĩa gốc; ghi chú nguồn: Pictograph of drooping branches.	0	Viết theo hoạt ảnh từng nét trong ứng dụng; tuân thủ trên trước dưới, trái trước phải.	垂	Thường giữ nguyên hình khi làm thành phần; có thể co hẹp theo vị trí.	5	Số đếm, Phương hướng & Khái niệm	0	FALSE	https://char.iis.sinica.edu.tw/TTF/getTTF1.aspx?word=%E5%9E%82&f=%E7%94%B2%E9%AA%A8%E6%96%87&s=200&c=black	https://char.iis.sinica.edu.tw/TTF/getTTF1.aspx?word=%E5%9E%82&f=%E9%87%91%E6%96%87&s=200&c=black	https://char.iis.sinica.edu.tw/TTF/getTTF1.aspx?word=%E5%9E%82&f=%E5%B0%8F%E7%AF%86&s=200&c=black	https://chardb.iis.sinica.edu.tw/search.jsp?q=%E5%9E%82&stype=0	垂直 | 下垂 | 垂死 | 垂危	垂直 | 下垂 | 垂死	TRUE
mono-269	秉	秉	Bǐng	bảnh	họ [Bing3]	họ [Bing3]		Chỉ sự/độc thể	Đối chiếu hình chữ cổ để nhận ra nét nghĩa gốc; ghi chú nguồn: A hand 彐 grasping a bundle of grain 禾	0	Viết theo hoạt ảnh từng nét trong ứng dụng; tuân thủ trên trước dưới, trái trước phải.	秉	Thường giữ nguyên hình khi làm thành phần; có thể co hẹp theo vị trí.	5	Số đếm, Phương hướng & Khái niệm	0	FALSE	https://char.iis.sinica.edu.tw/TTF/getTTF1.aspx?word=%E7%A7%89&f=%E7%94%B2%E9%AA%A8%E6%96%87&s=200&c=black	https://char.iis.sinica.edu.tw/TTF/getTTF1.aspx?word=%E7%A7%89&f=%E9%87%91%E6%96%87&s=200&c=black	https://char.iis.sinica.edu.tw/TTF/getTTF1.aspx?word=%E7%A7%89&f=%E5%B0%8F%E7%AF%86&s=200&c=black	https://chardb.iis.sinica.edu.tw/search.jsp?q=%E7%A7%89&stype=0	秉承 | 秉性 | 秉公 | 秉持	秉承 | 秉性 | 秉公	TRUE
mono-270	臾	臾	Yú	du	họ [Yu2]	họ [Yu2]		Chỉ sự/độc thể	Dạng chữ độc thể; đối chiếu Giáp Cốt văn, Kim văn và Tiểu Triện ở chuỗi hình bên cạnh.	0	Viết theo hoạt ảnh từng nét trong ứng dụng; tuân thủ trên trước dưới, trái trước phải.	臾	Thường giữ nguyên hình khi làm thành phần; có thể co hẹp theo vị trí.	5	Số đếm, Phương hướng & Khái niệm	0	FALSE	https://char.iis.sinica.edu.tw/TTF/getTTF1.aspx?word=%E8%87%BE&f=%E7%94%B2%E9%AA%A8%E6%96%87&s=200&c=black	https://char.iis.sinica.edu.tw/TTF/getTTF1.aspx?word=%E8%87%BE&f=%E9%87%91%E6%96%87&s=200&c=black	https://char.iis.sinica.edu.tw/TTF/getTTF1.aspx?word=%E8%87%BE&f=%E5%B0%8F%E7%AF%86&s=200&c=black	https://chardb.iis.sinica.edu.tw/search.jsp?q=%E8%87%BE&stype=0	须臾	须臾	TRUE
mono-271	肃	肅	Sù	túc	họ [Su4]	họ [Su4]		Chỉ sự/độc thể	Đối chiếu hình chữ cổ để nhận ra nét nghĩa gốc; ghi chú nguồn: Simplified form of 肅. The 𣶒 (deep; profound) component hints at the meaning. The purpose of the 聿 (writing utensil) component is unclear.	0	Viết theo hoạt ảnh từng nét trong ứng dụng; tuân thủ trên trước dưới, trái trước phải.	肃	Thường giữ nguyên hình khi làm thành phần; có thể co hẹp theo vị trí.	5	Số đếm, Phương hướng & Khái niệm	0	FALSE	https://char.iis.sinica.edu.tw/TTF/getTTF1.aspx?word=%E8%82%83&f=%E7%94%B2%E9%AA%A8%E6%96%87&s=200&c=black	https://char.iis.sinica.edu.tw/TTF/getTTF1.aspx?word=%E8%82%83&f=%E9%87%91%E6%96%87&s=200&c=black	https://char.iis.sinica.edu.tw/TTF/getTTF1.aspx?word=%E8%82%83&f=%E5%B0%8F%E7%AF%86&s=200&c=black	https://chardb.iis.sinica.edu.tw/search.jsp?q=%E8%82%83&stype=0	严肃 | 肃静 | 甘肃 | 甘肃省	严肃 | 肃静 | 甘肃	TRUE
mono-272	隶	隷	lì	lệ	biến thể của 隸|隶[li4]	biến thể của 隸|隶[li4]		Chỉ sự/độc thể	Đối chiếu hình chữ cổ để nhận ra nét nghĩa gốc; ghi chú nguồn: A hand 彐 threshing rice	0	Viết theo hoạt ảnh từng nét trong ứng dụng; tuân thủ trên trước dưới, trái trước phải.	隶	Thường giữ nguyên hình khi làm thành phần; có thể co hẹp theo vị trí.	5	Số đếm, Phương hướng & Khái niệm	0	FALSE	https://char.iis.sinica.edu.tw/TTF/getTTF1.aspx?word=%E9%9A%B6&f=%E7%94%B2%E9%AA%A8%E6%96%87&s=200&c=black	https://char.iis.sinica.edu.tw/TTF/getTTF1.aspx?word=%E9%9A%B6&f=%E9%87%91%E6%96%87&s=200&c=black	https://char.iis.sinica.edu.tw/TTF/getTTF1.aspx?word=%E9%9A%B6&f=%E5%B0%8F%E7%AF%86&s=200&c=black	https://chardb.iis.sinica.edu.tw/search.jsp?q=%E9%9A%B6&stype=0	奴隶 | 隶属 | 奴隶制 | 奴隶主	奴隶 | 隶属 | 奴隶制	TRUE
mono-273	承	承	Chéng	thừa	họ [Cheng2] / Cheng (khoảng 2000 trước Công nguyên), vị thứ ba trong truyền thuyết về Viêm Đế 炎帝[Yan2 di4] xuất thân từ Thần Nông 神農|神农[Shen2 nong2] Thần Nông	họ [Cheng2]	Cheng (khoảng 2000 trước Công nguyên), vị thứ ba trong truyền thuyết về Viêm Đế 炎帝[Yan2 di4] xuất thân từ Thần Nông 神農|神农[Shen2 nong2] Thần Nông	Tượng hình	Đối chiếu hình chữ cổ để nhận ra nét nghĩa gốc; ghi chú nguồn: Pictograph of two hands carrying a person.	0	Viết theo hoạt ảnh từng nét trong ứng dụng; tuân thủ trên trước dưới, trái trước phải.	承	Thường giữ nguyên hình khi làm thành phần; có thể co hẹp theo vị trí.	5	Số đếm, Phương hướng & Khái niệm	0	FALSE	https://char.iis.sinica.edu.tw/TTF/getTTF1.aspx?word=%E6%89%BF&f=%E7%94%B2%E9%AA%A8%E6%96%87&s=200&c=black	https://char.iis.sinica.edu.tw/TTF/getTTF1.aspx?word=%E6%89%BF&f=%E9%87%91%E6%96%87&s=200&c=black	https://char.iis.sinica.edu.tw/TTF/getTTF1.aspx?word=%E6%89%BF&f=%E5%B0%8F%E7%AF%86&s=200&c=black	https://chardb.iis.sinica.edu.tw/search.jsp?q=%E6%89%BF&stype=0	承认 | 承诺 | 承担 | 承受	承认 | 承诺 | 承担	TRUE
mono-274	柬	柬	Jiǎn	giản	viết tắt của 柬埔寨[Jian3 pu3 zhai4], Campuchia	viết tắt của 柬埔寨[Jian3 pu3 zhai4], Campuchia		Chỉ sự/độc thể	Đối chiếu hình chữ cổ để nhận ra nét nghĩa gốc; ghi chú nguồn: Two dots added to 束 (bind; bunch). Origin unclear.	0	Viết theo hoạt ảnh từng nét trong ứng dụng; tuân thủ trên trước dưới, trái trước phải.	柬	Thường giữ nguyên hình khi làm thành phần; có thể co hẹp theo vị trí.	5	Số đếm, Phương hướng & Khái niệm	0	FALSE	https://char.iis.sinica.edu.tw/TTF/getTTF1.aspx?word=%E6%9F%AC&f=%E7%94%B2%E9%AA%A8%E6%96%87&s=200&c=black	https://char.iis.sinica.edu.tw/TTF/getTTF1.aspx?word=%E6%9F%AC&f=%E9%87%91%E6%96%87&s=200&c=black	https://char.iis.sinica.edu.tw/TTF/getTTF1.aspx?word=%E6%9F%AC&f=%E5%B0%8F%E7%AF%86&s=200&c=black	https://chardb.iis.sinica.edu.tw/search.jsp?q=%E6%9F%AC&stype=0	柬埔寨 | 请柬	柬埔寨 | 请柬	TRUE
mono-275	面	面	miàn	diện	mặt / bên / bề mặt / khía cạnh / Lượng từ cho vật có bề mặt phẳng như trống, gương, cờ, v.v.	mặt	bên / bề mặt / khía cạnh / Lượng từ cho vật có bề mặt phẳng như trống, gương, cờ, v.v.	Tượng hình	"Đối chiếu hình chữ cổ để nhận ra nét nghĩa gốc; ghi chú nguồn: Pictograph of the outline of a face, with an eye (目) in the middle. In simplified Chinese 面 is also used to mean ""noodles"", while in traditional Chinese this meaning is written with a separate character 麵."	0	Viết theo hoạt ảnh từng nét trong ứng dụng; tuân thủ trên trước dưới, trái trước phải.	面	Thường giữ nguyên hình khi làm thành phần; có thể co hẹp theo vị trí.	2	Con người & Cơ thể	72	TRUE	https://char.iis.sinica.edu.tw/TTF/getTTF1.aspx?word=%E9%9D%A2&f=%E7%94%B2%E9%AA%A8%E6%96%87&s=200&c=black	https://char.iis.sinica.edu.tw/TTF/getTTF1.aspx?word=%E9%9D%A2&f=%E9%87%91%E6%96%87&s=200&c=black	https://char.iis.sinica.edu.tw/TTF/getTTF1.aspx?word=%E9%9D%A2&f=%E5%B0%8F%E7%AF%86&s=200&c=black	https://chardb.iis.sinica.edu.tw/search.jsp?q=%E9%9D%A2&stype=0	方面 | 里面 | 外面 | 上面	方面 | 里面 | 外面	TRUE
mono-276	韭	韭	jiǔ	cửu	hẹ	hẹ		Chỉ sự/độc thể	Đối chiếu hình chữ cổ để nhận ra nét nghĩa gốc; ghi chú nguồn: Chives 非 growing in the ground 一	0	Viết theo hoạt ảnh từng nét trong ứng dụng; tuân thủ trên trước dưới, trái trước phải.	韭	Thường giữ nguyên hình khi làm thành phần; có thể co hẹp theo vị trí.	5	Số đếm, Phương hướng & Khái niệm	0	FALSE	https://char.iis.sinica.edu.tw/TTF/getTTF1.aspx?word=%E9%9F%AD&f=%E7%94%B2%E9%AA%A8%E6%96%87&s=200&c=black	https://char.iis.sinica.edu.tw/TTF/getTTF1.aspx?word=%E9%9F%AD&f=%E9%87%91%E6%96%87&s=200&c=black	https://char.iis.sinica.edu.tw/TTF/getTTF1.aspx?word=%E9%9F%AD&f=%E5%B0%8F%E7%AF%86&s=200&c=black	https://chardb.iis.sinica.edu.tw/search.jsp?q=%E9%9F%AD&stype=0	韭菜 | 韭菜花	韭菜 | 韭菜花	TRUE
mono-277	禺	禺	ǒu	ngẫu	biến thể cổ của 偶[ou3]	biến thể cổ của 偶[ou3]		Chỉ sự/độc thể	Đối chiếu hình chữ cổ để nhận ra nét nghĩa gốc; ghi chú nguồn: Remnant of 禹, a legendary leader named Yu.	0	Viết theo hoạt ảnh từng nét trong ứng dụng; tuân thủ trên trước dưới, trái trước phải.	禺	Thường giữ nguyên hình khi làm thành phần; có thể co hẹp theo vị trí.	5	Số đếm, Phương hướng & Khái niệm	0	FALSE	https://char.iis.sinica.edu.tw/TTF/getTTF1.aspx?word=%E7%A6%BA&f=%E7%94%B2%E9%AA%A8%E6%96%87&s=200&c=black	https://char.iis.sinica.edu.tw/TTF/getTTF1.aspx?word=%E7%A6%BA&f=%E9%87%91%E6%96%87&s=200&c=black	https://char.iis.sinica.edu.tw/TTF/getTTF1.aspx?word=%E7%A6%BA&f=%E5%B0%8F%E7%AF%86&s=200&c=black	https://chardb.iis.sinica.edu.tw/search.jsp?q=%E7%A6%BA&stype=0	番禺 | 番禺区 | 曹禺	番禺 | 番禺区 | 曹禺	TRUE
mono-278	重	重	chóng	trọng	lặp lại / sự lặp lại / lần nữa / tái- / lượng từ: tầng	lặp lại	sự lặp lại / lần nữa / tái- / lượng từ: tầng	Tượng hình	Đối chiếu hình chữ cổ để nhận ra nét nghĩa gốc; ghi chú nguồn: Pictograph of a person (亻) carrying a heavy basket (東).	0	Viết theo hoạt ảnh từng nét trong ứng dụng; tuân thủ trên trước dưới, trái trước phải.	重	Thường giữ nguyên hình khi làm thành phần; có thể co hẹp theo vị trí.	5	Số đếm, Phương hướng & Khái niệm	62	TRUE	https://char.iis.sinica.edu.tw/TTF/getTTF1.aspx?word=%E9%87%8D&f=%E7%94%B2%E9%AA%A8%E6%96%87&s=200&c=black	https://char.iis.sinica.edu.tw/TTF/getTTF1.aspx?word=%E9%87%8D&f=%E9%87%91%E6%96%87&s=200&c=black	https://char.iis.sinica.edu.tw/TTF/getTTF1.aspx?word=%E9%87%8D&f=%E5%B0%8F%E7%AF%86&s=200&c=black	https://chardb.iis.sinica.edu.tw/search.jsp?q=%E9%87%8D&stype=0	重要 | 严重 | 重新 | 重点	重要 | 严重 | 重新	TRUE
mono-279	鬼	鬼	guǐ	quỷ	linh hồn; ma; quỷ / (hậu tố) người có tật xấu hoặc nghiện ngập gì đó / xảo quyệt; khôn lanh; nhiều mưu kế (biến thể của 詭|诡[gui3]) / một trong 28 chòm sao của thiên văn học Trung Quốc cổ đại	linh hồn; ma; quỷ	(hậu tố) người có tật xấu hoặc nghiện ngập gì đó / xảo quyệt; khôn lanh; nhiều mưu kế (biến thể của 詭|诡[gui3]) / một trong 28 chòm sao của thiên văn học Trung Quốc cổ đại	Tượng hình	Đối chiếu hình chữ cổ để nhận ra nét nghĩa gốc; ghi chú nguồn: Pictograph of a human-like being with an unnatural head and a tail.	0	Viết theo hoạt ảnh từng nét trong ứng dụng; tuân thủ trên trước dưới, trái trước phải.	鬼	Thường giữ nguyên hình khi làm thành phần; có thể co hẹp theo vị trí.	2	Con người & Cơ thể	68	TRUE	https://char.iis.sinica.edu.tw/TTF/getTTF1.aspx?word=%E9%AC%BC&f=%E7%94%B2%E9%AA%A8%E6%96%87&s=200&c=black	https://char.iis.sinica.edu.tw/TTF/getTTF1.aspx?word=%E9%AC%BC&f=%E9%87%91%E6%96%87&s=200&c=black	https://char.iis.sinica.edu.tw/TTF/getTTF1.aspx?word=%E9%AC%BC&f=%E5%B0%8F%E7%AF%86&s=200&c=black	https://chardb.iis.sinica.edu.tw/search.jsp?q=%E9%AC%BC&stype=0	见鬼 | 魔鬼 | 吸血鬼 | 鬼魂	见鬼 | 魔鬼 | 吸血鬼	TRUE
mono-280	禹	禹	Yǔ	dừng / vũ	Vũ Đại (thế kỷ 21 TCN), lãnh tụ huyền thoại trị thủy / họ [Yu3]	Vũ Đại (thế kỷ 21 TCN), lãnh tụ huyền thoại trị thủy	họ [Yu3]	Tượng hình	Đối chiếu hình chữ cổ để nhận ra nét nghĩa gốc; ghi chú nguồn: Depicts Yu the Great (21st century BC), a legendary leader who tamed the floods.	0	Viết theo hoạt ảnh từng nét trong ứng dụng; tuân thủ trên trước dưới, trái trước phải.	禹	Thường giữ nguyên hình khi làm thành phần; có thể co hẹp theo vị trí.	5	Số đếm, Phương hướng & Khái niệm	0	FALSE	https://char.iis.sinica.edu.tw/TTF/getTTF1.aspx?word=%E7%A6%B9&f=%E7%94%B2%E9%AA%A8%E6%96%87&s=200&c=black	https://char.iis.sinica.edu.tw/TTF/getTTF1.aspx?word=%E7%A6%B9&f=%E9%87%91%E6%96%87&s=200&c=black	https://char.iis.sinica.edu.tw/TTF/getTTF1.aspx?word=%E7%A6%B9&f=%E5%B0%8F%E7%AF%86&s=200&c=black	https://chardb.iis.sinica.edu.tw/search.jsp?q=%E7%A6%B9&stype=0	大禹 | 刘禹锡 | 禹州市 | 禹州	大禹 | 刘禹锡 | 禹州市	TRUE
mono-281	食	食	shí	thực	ăn / thức ăn / thức ăn chăn nuôi / nhật thực, nguyệt thực	ăn	thức ăn / thức ăn chăn nuôi / nhật thực, nguyệt thực	Tượng hình	Đối chiếu hình chữ cổ để nhận ra nét nghĩa gốc; ghi chú nguồn: Pictograph of food being spooned into the mouth. Not related to 良.	0	Viết theo hoạt ảnh từng nét trong ứng dụng; tuân thủ trên trước dưới, trái trước phải.	饣	Khi làm thành phần chữ ghép thường biến thành 饣.	5	Số đếm, Phương hướng & Khái niệm	122	TRUE	https://char.iis.sinica.edu.tw/TTF/getTTF1.aspx?word=%E9%A3%9F&f=%E7%94%B2%E9%AA%A8%E6%96%87&s=200&c=black	https://char.iis.sinica.edu.tw/TTF/getTTF1.aspx?word=%E9%A3%9F&f=%E9%87%91%E6%96%87&s=200&c=black	https://char.iis.sinica.edu.tw/TTF/getTTF1.aspx?word=%E9%A3%9F&f=%E5%B0%8F%E7%AF%86&s=200&c=black	https://chardb.iis.sinica.edu.tw/search.jsp?q=%E9%A3%9F&stype=0	食物 | 食品 | 粮食 | 饮食	食物 | 食品 | 粮食	TRUE
mono-282	彖	彖	tuàn	thoán	dự đoán tương lai bằng cách sử dụng quẻ của Kinh Dịch 易經|易经	dự đoán tương lai bằng cách sử dụng quẻ của Kinh Dịch 易經|易经		Chỉ sự/độc thể	Đối chiếu hình chữ cổ để nhận ra nét nghĩa gốc; ghi chú nguồn: A pig 豕 with a long snout 彑	0	Viết theo hoạt ảnh từng nét trong ứng dụng; tuân thủ trên trước dưới, trái trước phải.	彖	Thường giữ nguyên hình khi làm thành phần; có thể co hẹp theo vị trí.	5	Số đếm, Phương hướng & Khái niệm	0	FALSE	https://char.iis.sinica.edu.tw/TTF/getTTF1.aspx?word=%E5%BD%96&f=%E7%94%B2%E9%AA%A8%E6%96%87&s=200&c=black	https://char.iis.sinica.edu.tw/TTF/getTTF1.aspx?word=%E5%BD%96&f=%E9%87%91%E6%96%87&s=200&c=black	https://char.iis.sinica.edu.tw/TTF/getTTF1.aspx?word=%E5%BD%96&f=%E5%B0%8F%E7%AF%86&s=200&c=black	https://chardb.iis.sinica.edu.tw/search.jsp?q=%E5%BD%96&stype=0			TRUE
mono-283	象	象	xiàng	tượng	voi / LT:隻|只[zhi1] / hình dáng / hình thức / diện mạo / bắt chước	voi	LT:隻|只[zhi1] / hình dáng / hình thức / diện mạo / bắt chước	Tượng hình	Đối chiếu hình chữ cổ để nhận ra nét nghĩa gốc; ghi chú nguồn: Pictograph of an elephant.	0	Viết theo hoạt ảnh từng nét trong ứng dụng; tuân thủ trên trước dưới, trái trước phải.	象	Thường giữ nguyên hình khi làm thành phần; có thể co hẹp theo vị trí.	3	Động vật & Thực vật	63	TRUE	https://char.iis.sinica.edu.tw/TTF/getTTF1.aspx?word=%E8%B1%A1&f=%E7%94%B2%E9%AA%A8%E6%96%87&s=200&c=black	https://char.iis.sinica.edu.tw/TTF/getTTF1.aspx?word=%E8%B1%A1&f=%E9%87%91%E6%96%87&s=200&c=black	https://char.iis.sinica.edu.tw/TTF/getTTF1.aspx?word=%E8%B1%A1&f=%E5%B0%8F%E7%AF%86&s=200&c=black	https://chardb.iis.sinica.edu.tw/search.jsp?q=%E8%B1%A1&stype=0	想象 | 现象 | 对象 | 形象	想象 | 现象 | 对象	TRUE
mono-284	鼠	鼠	shǔ	thử	(hình thức kết hợp) chuột; con chuột	(hình thức kết hợp) chuột; con chuột		Tượng hình	Đối chiếu hình chữ cổ để nhận ra nét nghĩa gốc; ghi chú nguồn: Pictograph of a rat.	0	Viết theo hoạt ảnh từng nét trong ứng dụng; tuân thủ trên trước dưới, trái trước phải.	鼠	Thường giữ nguyên hình khi làm thành phần; có thể co hẹp theo vị trí.	3	Động vật & Thực vật	0	FALSE	https://char.iis.sinica.edu.tw/TTF/getTTF1.aspx?word=%E9%BC%A0&f=%E7%94%B2%E9%AA%A8%E6%96%87&s=200&c=black	https://char.iis.sinica.edu.tw/TTF/getTTF1.aspx?word=%E9%BC%A0&f=%E9%87%91%E6%96%87&s=200&c=black	https://char.iis.sinica.edu.tw/TTF/getTTF1.aspx?word=%E9%BC%A0&f=%E5%B0%8F%E7%AF%86&s=200&c=black	https://chardb.iis.sinica.edu.tw/search.jsp?q=%E9%BC%A0&stype=0	老鼠 | 鼠标 | 松鼠 | 袋鼠	老鼠 | 鼠标 | 松鼠	TRUE
